title,summary,link,published,label
Airbus đặt hàng robot Trung Quốc để sản xuất máy bay,"<a href=""https://vnexpress.net/airbus-dat-hang-robot-trung-quoc-de-san-xuat-may-bay-5007631.html""><img src=""https://i1-vnexpress.vnecdn.net/2026/01/20/screenshot-2026-01-20-at-09-48-3125-6441-1768877475.png?w=1200&amp;h=0&amp;q=100&amp;dpr=1&amp;fit=crop&amp;s=JRq2FhUpru5m3-u0w9ry8Q"" /></a>Airbus đã đặt hàng UBTech (Trung Quốc) robot hình người Walker S2 với mục đích phục vụ tại các nhà máy sản xuất máy bay.",https://vnexpress.net/airbus-dat-hang-robot-trung-quoc-de-san-xuat-may-bay-5007631.html,"Tue, 20 Jan 2026 19:00:00 +0700",
Robot Trung Quốc thực hiện điệu nhảy nhanh và khó,"<a href=""https://vnexpress.net/robot-trung-quoc-thuc-hien-dieu-nhay-nhanh-va-kho-5007810.html""><img src=""https://i1-vnexpress.vnecdn.net/2026/01/20/robot3-1768895840-7886-1768895886.gif?w=1200&amp;h=0&amp;q=100&amp;dpr=1&amp;fit=crop&amp;s=k38D3wk1jf_5aL8xOV9p7A&amp;t=image"" /></a>Robot Adam của PNDbotics có thể thực hiện điệu nhảy Charleston một cách thành thục dù động tác nhanh.",https://vnexpress.net/robot-trung-quoc-thuc-hien-dieu-nhay-nhanh-va-kho-5007810.html,"Tue, 20 Jan 2026 16:11:49 +0700",
Musk muốn rút ngắn lộ trình thiết kế chip AI xuống 9 tháng,"<a href=""https://vnexpress.net/musk-muon-rut-ngan-lo-trinh-thiet-ke-chip-ai-xuong-9-thang-5007543.html""><img src=""https://i1-vnexpress.vnecdn.net/2026/01/19/ap25345619479975-1768840837-7463-1768840877.jpg?w=1200&amp;h=0&amp;q=100&amp;dpr=1&amp;fit=crop&amp;s=9BX54E24XF3V4mitGnwVTA"" /></a>Thay vì theo chu kỳ hàng năm như Nvidia và AMD, Elon Musk đặt mục tiêu rút ngắn thời gian thiết kế chip AI của Tesla xuống 9 tháng.",https://vnexpress.net/musk-muon-rut-ngan-lo-trinh-thiet-ke-chip-ai-xuong-9-thang-5007543.html,"Tue, 20 Jan 2026 09:00:00 +0700",
Yêu chatbot - xu hướng trốn tránh thực tại thời AI,"<a href=""https://vnexpress.net/yeu-chatbot-xu-huong-tron-tranh-thuc-tai-thoi-ai-5006492.html""><img src=""https://i1-vnexpress.vnecdn.net/2026/01/17/chatgpt-image-jan-17-2026-10-1-3330-3503-1768620036.png?w=1200&amp;h=0&amp;q=100&amp;dpr=1&amp;fit=crop&amp;s=lANTYwsa0CWOqAhClDNIRA"" /></a>Khi nhân cách ảo AI ngày càng trở thành một phần bình thường của cuộc sống, nhiều người muốn gắn bó lâu dài, thậm chí kết hôn với chúng.",https://vnexpress.net/yeu-chatbot-xu-huong-tron-tranh-thuc-tai-thoi-ai-5006492.html,"Mon, 19 Jan 2026 19:00:00 +0700",
'Cao niên trẻ' mê video tạo từ AI,"<a href=""https://vnexpress.net/cao-nien-tre-me-video-tao-tu-ai-5007045.html""><img src=""https://i1-vnexpress.vnecdn.net/2026/01/18/chatgpt-image-jan-18-2026-04-5-2006-2956-1768729974.png?w=1200&amp;h=0&amp;q=100&amp;dpr=1&amp;fit=crop&amp;s=oEGU4qNpbaFrItD7z2ZO0g"" /></a>Loạt video do AI tạo ra, mô phỏng cuộc sống những năm 1970 khiến nhiều người trên 50 tuổi thích thú và thấy bồi hồi khi xem.",https://vnexpress.net/cao-nien-tre-me-video-tao-tu-ai-5007045.html,"Mon, 19 Jan 2026 15:15:14 +0700",
Ứng dụng 'siêu nhỏ' bùng nổ,"<a href=""https://vnexpress.net/ung-dung-sieu-nho-bung-no-5006964.html""><img src=""https://i1-vnexpress.vnecdn.net/2026/01/18/chatgpt-image-jan-18-2026-10-2-2428-3127-1768706829.png?w=1200&amp;h=0&amp;q=100&amp;dpr=1&amp;fit=crop&amp;s=ihr2NWtNw9_exAXDj1-SwQ"" /></a>Thông qua AI, nhiều người không biết lập trình vẫn tự tạo ứng dụng nhỏ (micro app) phục vụ nhu cầu cá nhân theo ""thời vụ"" thay vì chi tiền mua.",https://vnexpress.net/ung-dung-sieu-nho-bung-no-5006964.html,"Mon, 19 Jan 2026 08:07:03 +0700",
Cách Trung Quốc 'cứu' cỗ máy 50 triệu USD kẹt dưới lòng đất,"<a href=""https://vnexpress.net/cach-trung-quoc-cuu-co-may-50-trieu-usd-ket-duoi-long-dat-5006432.html""><img src=""https://i1-vnexpress.vnecdn.net/2026/01/16/e879bda9b6784045baba993915dbc9-2330-9204-1768541084.jpg?w=1200&amp;h=0&amp;q=100&amp;dpr=1&amp;fit=crop&amp;s=lGh9zbIlGEjD_Ry5wv3MkA"" /></a>Máy đào hầm 50 triệu USD mắc kẹt bên dưới sông Dương Tử suýt khiến dự án đường hầm đổ bể và các chuyên gia mất gần hai năm để khắc phục sự cố bằng giải pháp chưa từng có.",https://vnexpress.net/cach-trung-quoc-cuu-co-may-50-trieu-usd-ket-duoi-long-dat-5006432.html,"Mon, 19 Jan 2026 00:00:00 +0700",
"Máy tính AI nhỏ gọn có 2 cổng mạng, ổ đĩa quang","<a href=""https://vnexpress.net/may-tinh-ai-nho-gon-co-2-cong-mang-o-dia-quang-5006928.html""><img src=""https://i1-vnexpress.vnecdn.net/2026/01/19/lq-08642-1768759287-1768759341.jpg?w=1200&amp;h=0&amp;q=100&amp;dpr=1&amp;fit=crop&amp;s=T0A9KHgSWKkIcfIYmLo_iA"" /></a>Mẫu DP80 AI A2G thuộc dòng máy tính chuyên nghiệp MSI, đáp ứng nhu cầu AI với card đồ hoạ Nvidia, cùng nhiều trang bị đặc biệt như hai cổng LAN, ổ đĩa, cảnh báo mở nắp.",https://vnexpress.net/may-tinh-ai-nho-gon-co-2-cong-mang-o-dia-quang-5006928.html,"Mon, 19 Jan 2026 11:40:18 +0700",
Oppo Reno15 Series nâng cấp camera AI để hỗ trợ sáng tạo,"<a href=""https://vnexpress.net/oppo-reno15-series-nang-cap-camera-ai-de-ho-tro-sang-tao-5007506.html""><img src=""https://i1-vnexpress.vnecdn.net/2026/01/19/a4-1-1768823264-1768823349-3186-1768823666.jpg?w=1200&amp;h=0&amp;q=100&amp;dpr=1&amp;fit=crop&amp;s=Zh3U0_OoBj2iH3ZDarTaUQ"" /></a>Camera trên Oppo Reno15 chú trọng tiêu cự chân dung, góc rộng tích hợp AI xử lý trực tiếp trong quá trình chụp và bộ công cụ hậu kỳ hỗ trợ quá trình sáng tạo.",https://vnexpress.net/oppo-reno15-series-nang-cap-camera-ai-de-ho-tro-sang-tao-5007506.html,"Mon, 19 Jan 2026 20:00:00 +0700",
"'Khoa học công nghệ, đổi mới sáng tạo nâng tầm vị thế Việt Nam trong kỷ nguyên mới'","<a href=""https://vnexpress.net/khoa-hoc-cong-nghe-doi-moi-sang-tao-nang-tam-vi-the-viet-nam-trong-ky-nguyen-moi-5007082.html""><img src=""https://i1-vnexpress.vnecdn.net/2026/01/18/2061b9e6-e04d-4e10-a04c-ea2446-6260-3781-1768733670.jpg?w=1200&amp;h=0&amp;q=100&amp;dpr=1&amp;fit=crop&amp;s=ojD3XhtFjtt-8RuYD6ZyOA"" /></a>Theo Bộ trưởng Nguyễn Mạnh Hùng, việc thay đổi tư duy, chuyển sang mô hình tăng trưởng mới dựa vào khoa học công nghệ, đổi mới sáng tạo và chuyển đổi số có thể giúp Việt Nam đạt mục tiêu tăng trưởng hai con số, nâng vị thế trong kỷ nguyên mới.",https://vnexpress.net/khoa-hoc-cong-nghe-doi-moi-sang-tao-nang-tam-vi-the-viet-nam-trong-ky-nguyen-moi-5007082.html,"Mon, 19 Jan 2026 07:00:00 +0700",
Trung Quốc áp đảo thị trường robot hình người,"<a href=""https://vnexpress.net/trung-quoc-ap-dao-thi-truong-robot-hinh-nguoi-5006904.html""><img src=""https://i1-vnexpress.vnecdn.net/2026/01/17/image-2-1767949644-6885-176794-5180-9401-1768668747.png?w=1200&amp;h=0&amp;q=100&amp;dpr=1&amp;fit=crop&amp;s=fKzPvS0l2lLWaIREAhTbsw"" /></a>Trung Quốc thống trị thị trường robot hình người khi chiếm hơn 80% số lượng cỗ máy được triển khai trong năm 2025 trên toàn cầu.",https://vnexpress.net/trung-quoc-ap-dao-thi-truong-robot-hinh-nguoi-5006904.html,"Sun, 18 Jan 2026 12:00:00 +0700",
Musk đòi OpenAI và Microsoft bồi thường 134 tỷ USD,"<a href=""https://vnexpress.net/musk-doi-openai-va-microsoft-boi-thuong-134-ty-usd-5006897.html""><img src=""https://i1-vnexpress.vnecdn.net/2026/01/17/ap25345619479975-1768666414-1650-1768666507.jpg?w=1200&amp;h=0&amp;q=100&amp;dpr=1&amp;fit=crop&amp;s=MOoDFcRdolN-pU_ndjLy9Q"" /></a>Elon Musk kiện OpenAI và Microsoft, nói ông xứng đáng hưởng khoản lợi mà hai công ty đã thu được một cách không chính đáng từ khoản đầu tư ban đầu của ông.",https://vnexpress.net/musk-doi-openai-va-microsoft-boi-thuong-134-ty-usd-5006897.html,"Sun, 18 Jan 2026 07:34:57 +0700",
Robot hình người Trung Quốc tự học không cần hiệu chỉnh,"<a href=""https://vnexpress.net/robot-hinh-nguoi-trung-quoc-tu-hoc-khong-can-hieu-chinh-5005707.html""><img src=""https://i1-vnexpress.vnecdn.net/2026/01/14/cmsinterestingengineering-1768-9109-9414-1768387598.png?w=1200&amp;h=0&amp;q=100&amp;dpr=1&amp;fit=crop&amp;s=Y30ghlmVM4FfqZxpmjQ42Q"" /></a>Adam-U Ultra của PNDbotics tích hợp mô hình VLA, cho phép thực hiện các tác vụ phức tạp không cần thiết lập hoặc hiệu chỉnh vốn tốn nhiều thời gian.",https://vnexpress.net/robot-hinh-nguoi-trung-quoc-tu-hoc-khong-can-hieu-chinh-5005707.html,"Sun, 18 Jan 2026 00:00:00 +0700",
ChatGPT thử nghiệm hiển thị quảng cáo,"<a href=""https://vnexpress.net/chatgpt-thu-nghiem-hien-thi-quang-cao-5006777.html""><img src=""https://i1-vnexpress.vnecdn.net/2026/01/17/chatgpt16958677711695867796991-3326-4964-1768626529.jpg?w=1200&amp;h=0&amp;q=100&amp;dpr=1&amp;fit=crop&amp;s=I03DcJioQXylN4_nucvoWQ"" /></a>OpenAI cho biết chuẩn bị thử nghiệm đưa quảng cáo vào ChatGPT cho một số người dùng trưởng thành tại Mỹ những tuần tới.",https://vnexpress.net/chatgpt-thu-nghiem-hien-thi-quang-cao-5006777.html,"Sat, 17 Jan 2026 14:30:08 +0700",
7 tính năng mới có thể xuất hiện trên Siri,"<a href=""https://vnexpress.net/7-tinh-nang-moi-co-the-xuat-hien-tren-siri-5005771.html""><img src=""https://i1-vnexpress.vnecdn.net/2026/01/14/chatgpt-image-jan-13-2026-08-4-4700-3575-1768403969.jpg?w=1200&amp;h=0&amp;q=100&amp;dpr=1&amp;fit=crop&amp;s=-UoJABew1I9UndB8Djvtjg"" /></a>Trợ lý ảo Siri của Apple được cho là sẽ có thêm nhiều tính năng mới nhờ sử dụng mô hình Gemini, như kể chuyện sáng tạo, tự động hóa ghi chú, gợi ý chủ động...",https://vnexpress.net/7-tinh-nang-moi-co-the-xuat-hien-tren-siri-5005771.html,"Sat, 17 Jan 2026 12:00:00 +0700",
Lỗ hổng khiến hàng triệu tai nghe không dây bị 'chiếm đoạt âm thanh',"<a href=""https://vnexpress.net/lo-hong-khien-hang-trieu-tai-nghe-khong-day-bi-chiem-doat-am-thanh-5006324.html""><img src=""https://i1-vnexpress.vnecdn.net/2026/01/16/4grehndivr249kumrlva3b-1-17685-6619-6472-1768532905.png?w=1200&amp;h=0&amp;q=100&amp;dpr=1&amp;fit=crop&amp;s=zEr190vOkPzJn79oexOobw"" /></a>WhisperPair - lỗ hổng nghiêm trọng liên quan đến chip Bluetooth và cách thiết bị xử lý giao thức Google Fast Pair, có thể khiến tai nghe bị hacker tấn công.",https://vnexpress.net/lo-hong-khien-hang-trieu-tai-nghe-khong-day-bi-chiem-doat-am-thanh-5006324.html,"Sat, 17 Jan 2026 08:00:00 +0700",
AI đang khắc phục điểm yếu giải toán cao cấp,"<a href=""https://vnexpress.net/ai-dang-khac-phuc-diem-yeu-giai-toan-cao-cap-5005913.html""><img src=""https://i1-vnexpress.vnecdn.net/2026/01/15/chatgpt-image-jan-15-2026-11-1-5197-1388-1768450774.png?w=1200&amp;h=0&amp;q=100&amp;dpr=1&amp;fit=crop&amp;s=P0N2zClO4SFe_iK2d7TBlw"" /></a>Một số mô hình AI như ChatGPT, Meta AI, Gemini từng bị chê không thể giải toán, nhưng vấn đề đang dần được khắc phục.",https://vnexpress.net/ai-dang-khac-phuc-diem-yeu-giai-toan-cao-cap-5005913.html,"Fri, 16 Jan 2026 07:00:00 +0700",
'Malaysia có thể đầu tư trung tâm dữ liệu tại Việt Nam',"<a href=""https://vnexpress.net/malaysia-co-the-dau-tu-trung-tam-du-lieu-tai-viet-nam-5006244.html""><img src=""https://i1-vnexpress.vnecdn.net/2026/01/16/e37bdb3d-332c-452d-b7bb-041d3e-7512-8930-1768534044.jpg?w=1200&amp;h=0&amp;q=100&amp;dpr=1&amp;fit=crop&amp;s=jFzevFRGyPKy10o29fc7LA"" /></a>Bộ trưởng Nguyễn Mạnh Hùng và Bộ trưởng Kỹ thuật số Malaysia đã thảo luận về hợp tác lĩnh vực chuyển đổi số, công nghệ 5G, trí tuệ nhân tạo (AI), trong đó có việc đầu tư trung tâm dữ liệu tại Việt Nam.",https://vnexpress.net/malaysia-co-the-dau-tu-trung-tam-du-lieu-tai-viet-nam-5006244.html,"Fri, 16 Jan 2026 10:02:39 +0700",
MediaTek ra chip Dimensity 9500s đối đầu Snapdragon 8 Gen 5,"<a href=""https://vnexpress.net/mediatek-ra-chip-dimensity-9500s-doi-dau-snapdragon-8-gen-5-5006236.html""><img src=""https://i1-vnexpress.vnecdn.net/2026/01/15/mediatek-9500s-unveiled-as-an-7968-1649-1768490744.jpg?w=1200&amp;h=0&amp;q=100&amp;dpr=1&amp;fit=crop&amp;s=TiojsWp6llx-bAZq5BVGzg"" /></a>MediaTek công bố Dimensity 9500s, tập trung vào hiệu năng và trí tuệ nhân tạo, sử dụng hoàn toàn nhân hiệu năng cao nhằm cạnh tranh với chip Qualcomm.",https://vnexpress.net/mediatek-ra-chip-dimensity-9500s-doi-dau-snapdragon-8-gen-5-5006236.html,"Fri, 16 Jan 2026 08:37:57 +0700",
"Điện Biên lập Trung tâm Đổi mới sáng tạo, ra mắt chatbot nông nghiệp","<a href=""https://vnexpress.net/dien-bien-lap-trung-tam-doi-moi-sang-tao-ra-mat-chatbot-nong-nghiep-5006428.html""><img src=""https://i1-vnexpress.vnecdn.net/2026/01/16/dsc02488-jpg-1768541193-9902-1-2850-3061-1768546892.jpg?w=1200&amp;h=0&amp;q=100&amp;dpr=1&amp;fit=crop&amp;s=wYqsxUlml13zchLE4bEr8g"" /></a>Trung tâm Đổi mới sáng tạo tỉnh Điện Biên với chatbot AI Điện Biên Smart Agri hứa hẹn phục vụ sản xuất, khai thác tiềm năng nông nghiệp địa phương.",https://vnexpress.net/dien-bien-lap-trung-tam-doi-moi-sang-tao-ra-mat-chatbot-nong-nghiep-5006428.html,"Fri, 16 Jan 2026 14:10:14 +0700",
Phó tổng thư ký Liên Hợp Quốc: ASEAN sẽ góp phần định hình tương lai số toàn cầu,"<a href=""https://vnexpress.net/pho-tong-thu-ky-lien-hop-quoc-asean-se-gop-phan-dinh-hinh-tuong-lai-so-toan-cau-5006013.html""><img src=""https://i1-vnexpress.vnecdn.net/2026/01/15/e65e5d2aa88b27d57e9a15-1768459-4962-9801-1768459943.jpg?w=1200&amp;h=0&amp;q=100&amp;dpr=1&amp;fit=crop&amp;s=gVLbsxYPJlkpA9ko4aYkFA"" /></a>Theo Phó tổng thư ký Liên Hợp Quốc Amandeep Singh Gill, với quy mô thị trường và năng lực ứng dụng, các nước ASEAN có thể tham gia vào quản trị AI, định hình tương lai số.",https://vnexpress.net/pho-tong-thu-ky-lien-hop-quoc-asean-se-gop-phan-dinh-hinh-tuong-lai-so-toan-cau-5006013.html,"Thu, 15 Jan 2026 14:27:36 +0700",
Qualcomm sẽ mở phòng nghiên cứu AI tại biên ở Hà Nội,"<a href=""https://vnexpress.net/qualcomm-se-mo-phong-nghien-cuu-ai-tai-bien-o-ha-noi-5006179.html""><img src=""https://i1-vnexpress.vnecdn.net/2026/01/15/qual-1-1768476336-1768476516-6302-1768476698.jpg?w=1200&amp;h=0&amp;q=100&amp;dpr=1&amp;fit=crop&amp;s=i6S4_pumin4wgfVhLxshYQ"" /></a>Phòng nghiên cứu AI tại biên của Qualcomm dự kiến đặt tại Đại học Bách khoa Hà Nội.",https://vnexpress.net/qualcomm-se-mo-phong-nghien-cuu-ai-tai-bien-o-ha-noi-5006179.html,"Thu, 15 Jan 2026 19:45:09 +0700",
Elon Musk 'muốn biến Star Trek thành hiện thực',"<a href=""https://vnexpress.net/elon-musk-muon-bien-star-trek-thanh-hien-thuc-5005623.html""><img src=""https://i1-vnexpress.vnecdn.net/2026/01/14/chatgpt-image-jan-14-2026-03-4-4686-1801-1768380540.png?w=1200&amp;h=0&amp;q=100&amp;dpr=1&amp;fit=crop&amp;s=GxLmgYKHD6DSsl9Z29dUrA"" /></a>Tỷ phú Elon Musk đặt tham vọng chinh phục không gian với mục tiêu hiện thực hóa những gì có trong phim ""Star Trek"".",https://vnexpress.net/elon-musk-muon-bien-star-trek-thanh-hien-thuc-5005623.html,"Thu, 15 Jan 2026 19:00:00 +0700",
Grok dừng tạo ảnh nhạy cảm về người thật,"<a href=""https://vnexpress.net/grok-dung-tao-anh-nhay-cam-ve-nguoi-that-5005893.html""><img src=""https://i1-vnexpress.vnecdn.net/2026/01/15/lq-07694-1768446437-1768446445-3191-1768446654.jpg?w=1200&amp;h=0&amp;q=100&amp;dpr=1&amp;fit=crop&amp;s=LwkdupK3xb0-FKDiyD6hUg"" /></a>Công ty xAI của Elon Musk vô hiệu hóa khả năng chatbot Grok tạo ảnh nhạy cảm về người thật sau khi bị phản ứng mạnh.",https://vnexpress.net/grok-dung-tao-anh-nhay-cam-ve-nguoi-that-5005893.html,"Thu, 15 Jan 2026 11:00:05 +0700",
"Google ra Personal Intelligence, cạnh tranh Apple Intelligence","<a href=""https://vnexpress.net/google-ra-personal-intelligence-canh-tranh-apple-intelligence-5005853.html""><img src=""https://i1-vnexpress.vnecdn.net/2026/01/15/screenshot-2026-01-15-at-10-02-6657-6229-1768446298.png?w=1200&amp;h=0&amp;q=100&amp;dpr=1&amp;fit=crop&amp;s=LO14p2WJpsB69f3IxXURfw"" /></a>Personal Intelligence (Trí tuệ Cá nhân) của Google sử dụng Gemini, kết nối thông tin từ Gmail, Photos để cung cấp câu trả lời cá nhân hóa.",https://vnexpress.net/google-ra-personal-intelligence-canh-tranh-apple-intelligence-5005853.html,"Thu, 15 Jan 2026 10:39:35 +0700",
Ông Trương Gia Bình: 'Mong có triệu thanh niên Việt Nam dấn thân làm AI',"<a href=""https://vnexpress.net/ong-truong-gia-binh-mong-co-trieu-thanh-nien-viet-nam-dan-than-lam-ai-5005395.html""><img src=""https://i1-vnexpress.vnecdn.net/2026/01/15/dsc-4273-2314-1768354419-17684-7529-6819-1768439228.jpg?w=1200&amp;h=0&amp;q=100&amp;dpr=1&amp;fit=crop&amp;s=Ccl8x5goALKy4vfx2St4RQ"" /></a>Công bố giải thưởng một triệu USD cho một sản phẩm AI ""không cần quá siêu"", Chủ tịch Liên minh Âu Lạc Trương Gia Bình cho biết mong muốn thu hút hàng triệu người trẻ cùng xây dựng AI có chủ quyền.",https://vnexpress.net/ong-truong-gia-binh-mong-co-trieu-thanh-nien-viet-nam-dan-than-lam-ai-5005395.html,"Thu, 15 Jan 2026 06:00:00 +0700",
Ứng dụng trí tuệ nhân tạo (AI) trong khám chữa bệnh - Truyền hình Thanh Hoá,"<a href=""https://news.google.com/rss/articles/CBMipAFBVV95cUxQN2lsU0xJV1MtZ1Z5YUlURVhpQ3hyWU1aX18tLWRKY3p5ZXl6eFpWdFkwNUpHdVJfZElLeFROYUUxXzc3cnNYWkZ5Vm9jUzkyUGU3ck81SENINHRRMFlaa3o5aEhYZXBaM1BibFFnWHRqTmRNekwtMjdVOVRNek95VXdpRGc2WXVRY1VpTUFlRVhUcmhkUUtUcExRUkxLOHZyVVktSw?oc=5"" target=""_blank"">Ứng dụng trí tuệ nhân tạo (AI) trong khám chữa bệnh</a>&nbsp;&nbsp;<font color=""#6f6f6f"">Truyền hình Thanh Hoá</font>",https://news.google.com/rss/articles/CBMipAFBVV95cUxQN2lsU0xJV1MtZ1Z5YUlURVhpQ3hyWU1aX18tLWRKY3p5ZXl6eFpWdFkwNUpHdVJfZElLeFROYUUxXzc3cnNYWkZ5Vm9jUzkyUGU3ck81SENINHRRMFlaa3o5aEhYZXBaM1BibFFnWHRqTmRNekwtMjdVOVRNek95VXdpRGc2WXVRY1VpTUFlRVhUcmhkUUtUcExRUkxLOHZyVVktSw?oc=5,"Tue, 20 Jan 2026 13:11:29 GMT",
Trí tuệ nhân tạo và tương lai quản trị xã hội - Báo VietNamNet,"<a href=""https://news.google.com/rss/articles/CBMihwFBVV95cUxPR1ZVbF8wMUM2WFhSZ1VLOTBMS0ltU3MwY0ZGUk0xN1hFX2VCZmdESEN5QU1HQUduOFVnb01QU3FHWjRJcEFvVkFZdWRKZjlLUnljcHp1WVBkQXpnSnBkSW4xQ1BtQUN1ZC1Dc28yU0JfMm5wdkRjT0hZeEMtZkpUT3l6WklBZ3M?oc=5"" target=""_blank"">Trí tuệ nhân tạo và tương lai quản trị xã hội</a>&nbsp;&nbsp;<font color=""#6f6f6f"">Báo VietNamNet</font>",https://news.google.com/rss/articles/CBMihwFBVV95cUxPR1ZVbF8wMUM2WFhSZ1VLOTBMS0ltU3MwY0ZGUk0xN1hFX2VCZmdESEN5QU1HQUduOFVnb01QU3FHWjRJcEFvVkFZdWRKZjlLUnljcHp1WVBkQXpnSnBkSW4xQ1BtQUN1ZC1Dc28yU0JfMm5wdkRjT0hZeEMtZkpUT3l6WklBZ3M?oc=5,"Tue, 20 Jan 2026 07:00:00 GMT",
4 cấp độ cho thấy trí tuệ nhân tạo vẫn còn cách xa con người - Báo Dân trí,"<a href=""https://news.google.com/rss/articles/CBMiswFBVV95cUxNQ2x5bXAxcmhTclA5azA2My1XLVdCSER4V1V4NmFJdlh4Ymtkb1pwdXN1QWZZd0Rrd2tyWlhUVDF1dE5nU3REa3ZCRHpRcnpOZTk5alFGd2pxb3F6bHFxdW9VZzBEanlodmxKY3kxNFAzaU14SzRWWGlhOGRFaUg1bnYzVVRGS2toRXpfbmYwSTRqa0RoZUIxOXFSUUp4bzRuQVB2UGpuaDlGcnVBUjhLN0Y4NA?oc=5"" target=""_blank"">4 cấp độ cho thấy trí tuệ nhân tạo vẫn còn cách xa con người</a>&nbsp;&nbsp;<font color=""#6f6f6f"">Báo Dân trí</font>",https://news.google.com/rss/articles/CBMiswFBVV95cUxNQ2x5bXAxcmhTclA5azA2My1XLVdCSER4V1V4NmFJdlh4Ymtkb1pwdXN1QWZZd0Rrd2tyWlhUVDF1dE5nU3REa3ZCRHpRcnpOZTk5alFGd2pxb3F6bHFxdW9VZzBEanlodmxKY3kxNFAzaU14SzRWWGlhOGRFaUg1bnYzVVRGS2toRXpfbmYwSTRqa0RoZUIxOXFSUUp4bzRuQVB2UGpuaDlGcnVBUjhLN0Y4NA?oc=5,"Tue, 20 Jan 2026 01:31:01 GMT",
Trí tuệ nhân tạo tồn tại một loại chi phí ẩn - PetroTimes,"<a href=""https://news.google.com/rss/articles/CBMihAFBVV95cUxNTFRwRGRURmY1eEFISURsSmM1d1ozb1Z3eUx3d29rUkk1OGdOU05BajlueHlpcUplNHBfblo2R1BmaE1oSndIVnItVVBfVEpWREJOc29xNzFmdWNLV1NJM0hYVkhvVnNCN25ZNDgzaHRWSEpUN2VOanF6RGk2ZHpnSTNCRTQ?oc=5"" target=""_blank"">Trí tuệ nhân tạo tồn tại một loại chi phí ẩn</a>&nbsp;&nbsp;<font color=""#6f6f6f"">PetroTimes</font>",https://news.google.com/rss/articles/CBMihAFBVV95cUxNTFRwRGRURmY1eEFISURsSmM1d1ozb1Z3eUx3d29rUkk1OGdOU05BajlueHlpcUplNHBfblo2R1BmaE1oSndIVnItVVBfVEpWREJOc29xNzFmdWNLV1NJM0hYVkhvVnNCN25ZNDgzaHRWSEpUN2VOanF6RGk2ZHpnSTNCRTQ?oc=5,"Tue, 20 Jan 2026 07:36:13 GMT",
5 quốc gia sử dụng trí tuệ nhân tạo nhiều nhất - VTV.vn,"<a href=""https://news.google.com/rss/articles/CBMiiAFBVV95cUxQNmxHLWx5NW5OV3dqek9CU1AxVXhfMGpPYk5sbzdMUTQ3VE12ZS16eTZvXzdvQXRQWVNLbTRJaTc5VUJ6dk1fMzhqNDQ2dUJmV01tTlpCOFVsRXQzVlhkOFo2em5RcDd1MUM2T1R4LWM2cVJrV1FMR3RpUnJuck05dEJUTGgwY3lv?oc=5"" target=""_blank"">5 quốc gia sử dụng trí tuệ nhân tạo nhiều nhất</a>&nbsp;&nbsp;<font color=""#6f6f6f"">VTV.vn</font>",https://news.google.com/rss/articles/CBMiiAFBVV95cUxQNmxHLWx5NW5OV3dqek9CU1AxVXhfMGpPYk5sbzdMUTQ3VE12ZS16eTZvXzdvQXRQWVNLbTRJaTc5VUJ6dk1fMzhqNDQ2dUJmV01tTlpCOFVsRXQzVlhkOFo2em5RcDd1MUM2T1R4LWM2cVJrV1FMR3RpUnJuck05dEJUTGgwY3lv?oc=5,"Tue, 20 Jan 2026 01:41:00 GMT",
Trí tuệ nhân tạo sẽ định hình tương lai việc làm - Báo Nhân Dân điện tử,"<a href=""https://news.google.com/rss/articles/CBMiiwFBVV95cUxOQVJiY0VxSW1BNVRYSmdzVmtFUzdfYzBNTXY0OVFjUU9TWXRJOWZvbmJxR1VEbzBPSkt3Q3ZZbHVodllGX2VLSmJoUUY2MmJycGtIY3VmTlRnTG9rckJVMDBJVXlaTHpYU1VvSUQ5Z3FxSGVTLW9jWDkyT1NBVHR3c181NjhydWJ0OHN3?oc=5"" target=""_blank"">Trí tuệ nhân tạo sẽ định hình tương lai việc làm</a>&nbsp;&nbsp;<font color=""#6f6f6f"">Báo Nhân Dân điện tử</font>",https://news.google.com/rss/articles/CBMiiwFBVV95cUxOQVJiY0VxSW1BNVRYSmdzVmtFUzdfYzBNTXY0OVFjUU9TWXRJOWZvbmJxR1VEbzBPSkt3Q3ZZbHVodllGX2VLSmJoUUY2MmJycGtIY3VmTlRnTG9rckJVMDBJVXlaTHpYU1VvSUQ5Z3FxSGVTLW9jWDkyT1NBVHR3c181NjhydWJ0OHN3?oc=5,"Tue, 20 Jan 2026 03:09:55 GMT",
Sắp thí điểm 3 phương án dạy trí tuệ nhân tạo (AI) từ lớp 1 đến lớp 12 - Tạp chí Đời sống & Pháp luật,"<a href=""https://news.google.com/rss/articles/CBMisgFBVV95cUxNMldfcU41LUJ0dGhwVnlLeUZSaFVvWXhYZmdRbzJWakx2YWVveTRBX2hyMmc4N2ZDdXZqeWRlV2h0MGZNS3NodjU4U0lhd0wtSENTZjNyTk9MOWgxZVV3Rzc0S1Z5dzBIbXFUN1FIOWdrZ3B1bmZ5cXhXcDg1cXY5RW1oZ094T2lCZDUxM2p2V3NRa1hrZVZ3RXZtWTVrRmV5bjR4X2FiamNacmRadXlTU2FR?oc=5"" target=""_blank"">Sắp thí điểm 3 phương án dạy trí tuệ nhân tạo (AI) từ lớp 1 đến lớp 12</a>&nbsp;&nbsp;<font color=""#6f6f6f"">Tạp chí Đời sống & Pháp luật</font>",https://news.google.com/rss/articles/CBMisgFBVV95cUxNMldfcU41LUJ0dGhwVnlLeUZSaFVvWXhYZmdRbzJWakx2YWVveTRBX2hyMmc4N2ZDdXZqeWRlV2h0MGZNS3NodjU4U0lhd0wtSENTZjNyTk9MOWgxZVV3Rzc0S1Z5dzBIbXFUN1FIOWdrZ3B1bmZ5cXhXcDg1cXY5RW1oZ094T2lCZDUxM2p2V3NRa1hrZVZ3RXZtWTVrRmV5bjR4X2FiamNacmRadXlTU2FR?oc=5,"Tue, 20 Jan 2026 03:30:00 GMT",
"Ngành TAND quyết tâm làm chủ trí tuệ nhân tạo, triển khai AI thận trọng, bài bản - Báo Thanh tra","<a href=""https://news.google.com/rss/articles/CBMi2AFBVV95cUxQcWw5VXBjaG1YU3JZTXcwSU5BZVFFOC1ONU8za1dWemFPdi1KMEVnYXYxRGVISlBTc1dscDRmSWFwOTNTZVh6bllVcndFMWhtQkdUaHRIaUJVQXQzcVBWc05BVkhaUzdzNXBJYjdHZGFMcUNFc3Zvckp4ZXB6RGxWY3JiX3JyZ2RadW9JSFU4WlcwZV9jN1RTVGpvdV94Yk51MGNlZWN0UUl4bnZRc2gwUUVjVlJ5akZtTnRVNU13VzhJR1I5WWdqVzhQQjBKZ3R1QzJJRW4yREQ?oc=5"" target=""_blank"">Ngành TAND quyết tâm làm chủ trí tuệ nhân tạo, triển khai AI thận trọng, bài bản</a>&nbsp;&nbsp;<font color=""#6f6f6f"">Báo Thanh tra</font>",https://news.google.com/rss/articles/CBMi2AFBVV95cUxQcWw5VXBjaG1YU3JZTXcwSU5BZVFFOC1ONU8za1dWemFPdi1KMEVnYXYxRGVISlBTc1dscDRmSWFwOTNTZVh6bllVcndFMWhtQkdUaHRIaUJVQXQzcVBWc05BVkhaUzdzNXBJYjdHZGFMcUNFc3Zvckp4ZXB6RGxWY3JiX3JyZ2RadW9JSFU4WlcwZV9jN1RTVGpvdV94Yk51MGNlZWN0UUl4bnZRc2gwUUVjVlJ5akZtTnRVNU13VzhJR1I5WWdqVzhQQjBKZ3R1QzJJRW4yREQ?oc=5,"Tue, 20 Jan 2026 10:42:35 GMT",
AI thực dụng lên ngôi: Trí tuệ nhân tạo bắt đầu làm nhiều việc thay con người - TẠP CHÍ ĐIỆN TỬ VIETTIMES,"<a href=""https://news.google.com/rss/articles/CBMiswFBVV95cUxOZlBaRFNVNXRpbndLM1NVU1RSVkIyTUhoSURHX3Zvai1UTlFtNXdnazZsSzBGcEFVWHFQZWNGcERISHlER09UUk5xMkZWTEtzdTc5cUZvZWYzR3VzbmNwcnBBZGVJV1JiU2owSzFVNVRSR3lzdFFPQkU3akpvZm5jcTZ1NGI2M25TQ0JQY0JOZEJwS2JoSE1FMnlBRzcyLXRxcDdVQ2JVM3NaWjV5N1R2Mmo4TQ?oc=5"" target=""_blank"">AI thực dụng lên ngôi: Trí tuệ nhân tạo bắt đầu làm nhiều việc thay con người</a>&nbsp;&nbsp;<font color=""#6f6f6f"">TẠP CHÍ ĐIỆN TỬ VIETTIMES</font>",https://news.google.com/rss/articles/CBMiswFBVV95cUxOZlBaRFNVNXRpbndLM1NVU1RSVkIyTUhoSURHX3Zvai1UTlFtNXdnazZsSzBGcEFVWHFQZWNGcERISHlER09UUk5xMkZWTEtzdTc5cUZvZWYzR3VzbmNwcnBBZGVJV1JiU2owSzFVNVRSR3lzdFFPQkU3akpvZm5jcTZ1NGI2M25TQ0JQY0JOZEJwS2JoSE1FMnlBRzcyLXRxcDdVQ2JVM3NaWjV5N1R2Mmo4TQ?oc=5,"Tue, 20 Jan 2026 02:00:35 GMT",
Showbiz Hàn Quốc đặt cược tương lai vào trí tuệ nhân tạo - Báo Dân Việt,"<a href=""https://news.google.com/rss/articles/CBMikwFBVV95cUxOM01VcW5Wckx4X0RTUmVXVXlmUlpiRmpmbTh3UE9DRmdueDJ5ZXR1UUxCYVdCLVVaWnRpQlg4b3Y0Wl9YZU81TjN2cllwc013a04tMFNIdHpSVlNxQUo3UHA5Vi1EZEtqMXhROV9lRTlMX21ldlBvVGVMTkhvaW8yQmlrc0M3eTlvOFhuUHRiOVRvRTg?oc=5"" target=""_blank"">Showbiz Hàn Quốc đặt cược tương lai vào trí tuệ nhân tạo</a>&nbsp;&nbsp;<font color=""#6f6f6f"">Báo Dân Việt</font>",https://news.google.com/rss/articles/CBMikwFBVV95cUxOM01VcW5Wckx4X0RTUmVXVXlmUlpiRmpmbTh3UE9DRmdueDJ5ZXR1UUxCYVdCLVVaWnRpQlg4b3Y0Wl9YZU81TjN2cllwc013a04tMFNIdHpSVlNxQUo3UHA5Vi1EZEtqMXhROV9lRTlMX21ldlBvVGVMTkhvaW8yQmlrc0M3eTlvOFhuUHRiOVRvRTg?oc=5,"Tue, 20 Jan 2026 08:26:39 GMT",
Khung pháp lý cho ứng dụng trí tuệ nhân tạo trong quản lý hành chính công ở Việt Nam - Tạp chí Công Thương,"<a href=""https://news.google.com/rss/articles/CBMiwAFBVV95cUxONnBZU1hWd1h2b2Exb1JXaFZJN01nQlFEclVUUG0tRG82T0E3UkZHOEVKRjZ4a2FBT1RSUXhXTnBrMWdkTURGM2NiVEo3YXkyYVN1TmhPb19wQ0QwQTg1UVUwNXhRa1ZhX05LeGJ6RE1LNUJjOGowcDRWcE9oaTVUNXEwaWhEeXYzbTZlUG5DS29kZTJpVGMzVXFuTFQyV3JUUUY0WTAwWXdpYWpiSVpka19ZYkZGMGU3ZWRqYUlMZng?oc=5"" target=""_blank"">Khung pháp lý cho ứng dụng trí tuệ nhân tạo trong quản lý hành chính công ở Việt Nam</a>&nbsp;&nbsp;<font color=""#6f6f6f"">Tạp chí Công Thương</font>",https://news.google.com/rss/articles/CBMiwAFBVV95cUxONnBZU1hWd1h2b2Exb1JXaFZJN01nQlFEclVUUG0tRG82T0E3UkZHOEVKRjZ4a2FBT1RSUXhXTnBrMWdkTURGM2NiVEo3YXkyYVN1TmhPb19wQ0QwQTg1UVUwNXhRa1ZhX05LeGJ6RE1LNUJjOGowcDRWcE9oaTVUNXEwaWhEeXYzbTZlUG5DS29kZTJpVGMzVXFuTFQyV3JUUUY0WTAwWXdpYWpiSVpka19ZYkZGMGU3ZWRqYUlMZng?oc=5,"Mon, 19 Jan 2026 07:57:00 GMT",
Đưa trí tuệ nhân tạo vào đào tạo sư phạm: Yêu cầu tất yếu trong bối cảnh mới - Báo Giáo dục và Thời đại Online,"<a href=""https://news.google.com/rss/articles/CBMiuAFBVV95cUxOLVRTT2xDS2RVSW1Ic19UV3NDbFlVOW04bm0wMjJXNjRXT09yTnloOG5pcDR4VGEwbGkzUDNsQ1Nkcl9DUmdid3pnX3Z4alRVbjFHMTE1Um5QM0hoR0p0WWJmQV9ZeEZsZnI4b0Z2RVFPR1FWcFlUeE9UUW9YYVFEclBRNkstejVwakhFbEJMMEtLRFJHdkVtR2tQMTB4ODhaV0N2MXI1dkVQZ0tUMnkwRkJfZU5mblFk?oc=5"" target=""_blank"">Đưa trí tuệ nhân tạo vào đào tạo sư phạm: Yêu cầu tất yếu trong bối cảnh mới</a>&nbsp;&nbsp;<font color=""#6f6f6f"">Báo Giáo dục và Thời đại Online</font>",https://news.google.com/rss/articles/CBMiuAFBVV95cUxOLVRTT2xDS2RVSW1Ic19UV3NDbFlVOW04bm0wMjJXNjRXT09yTnloOG5pcDR4VGEwbGkzUDNsQ1Nkcl9DUmdid3pnX3Z4alRVbjFHMTE1Um5QM0hoR0p0WWJmQV9ZeEZsZnI4b0Z2RVFPR1FWcFlUeE9UUW9YYVFEclBRNkstejVwakhFbEJMMEtLRFJHdkVtR2tQMTB4ODhaV0N2MXI1dkVQZ0tUMnkwRkJfZU5mblFk?oc=5,"Mon, 19 Jan 2026 23:05:00 GMT",
Việt Nam đang nổi lên là điểm sáng về kinh tế số và phát triển trí tuệ nhân tạo - Doanh nghiệp và Tiếp thị,"<a href=""https://news.google.com/rss/articles/CBMizAFBVV95cUxNSEIwTExUYTNrRE15STNPa1lfR3c3UTRUQnRkc3FJY1JXX2thQWwxVnREaENMSEdLdHRCY3VHZEpsVXpnLWZ1MUphYks1alpVdDBiV3UzZXlRV3N0UmktM21KdmxVeEZUdG5LYzBaVEl1UlBNaUU5b3prb0lSemVMVmxtSkt0alJWTjZUaWNQVkZPdXg0WVFmYjNTdEd2YmxJR0FsT1RJc294NE1NX2tobXlXZHBIRXZuRUN2ajk2V295TlFqMXJyOXRQQ3Q?oc=5"" target=""_blank"">Việt Nam đang nổi lên là điểm sáng về kinh tế số và phát triển trí tuệ nhân tạo</a>&nbsp;&nbsp;<font color=""#6f6f6f"">Doanh nghiệp và Tiếp thị</font>",https://news.google.com/rss/articles/CBMizAFBVV95cUxNSEIwTExUYTNrRE15STNPa1lfR3c3UTRUQnRkc3FJY1JXX2thQWwxVnREaENMSEdLdHRCY3VHZEpsVXpnLWZ1MUphYks1alpVdDBiV3UzZXlRV3N0UmktM21KdmxVeEZUdG5LYzBaVEl1UlBNaUU5b3prb0lSemVMVmxtSkt0alJWTjZUaWNQVkZPdXg0WVFmYjNTdEd2YmxJR0FsT1RJc294NE1NX2tobXlXZHBIRXZuRUN2ajk2V295TlFqMXJyOXRQQ3Q?oc=5,"Tue, 20 Jan 2026 01:23:00 GMT",
TP Hồ Chí Minh thí điểm giáo dục trí tuệ nhân tạo trong trường phổ thông - giadinhvaphapluat.vn,"<a href=""https://news.google.com/rss/articles/CBMitAFBVV95cUxOZWRNbnNJQ0lULUp5b1dhRjlXN2N1ak1BTEI1cTlRaUFJcTZQZC1oR1RzZzdTME5TdUdpaS1seWtTSTJZbEJ0Q1E0Qk5MTHNrYkN5SXNSZGUwTEUtdFRZaXB2b1o2UkNDaWlpbXp2SWFISVZwbXM2dEZYZ3Y1SG0taENmRTgyZUVaSDZVQTliU1dzVm5GXzNjSFgxWHNKSDFCTVNjSWdrMERYanBGemtkVy1NSUY?oc=5"" target=""_blank"">TP Hồ Chí Minh thí điểm giáo dục trí tuệ nhân tạo trong trường phổ thông</a>&nbsp;&nbsp;<font color=""#6f6f6f"">giadinhvaphapluat.vn</font>",https://news.google.com/rss/articles/CBMitAFBVV95cUxOZWRNbnNJQ0lULUp5b1dhRjlXN2N1ak1BTEI1cTlRaUFJcTZQZC1oR1RzZzdTME5TdUdpaS1seWtTSTJZbEJ0Q1E0Qk5MTHNrYkN5SXNSZGUwTEUtdFRZaXB2b1o2UkNDaWlpbXp2SWFISVZwbXM2dEZYZ3Y1SG0taENmRTgyZUVaSDZVQTliU1dzVm5GXzNjSFgxWHNKSDFCTVNjSWdrMERYanBGemtkVy1NSUY?oc=5,"Tue, 20 Jan 2026 10:04:00 GMT",
Nâng cao nhận thức về trí tuệ nhân tạo chủ quyền: Bước đi chiến lược xây dựng Tòa án thông minh vì nhân dân phục vụ - congly.vn,"<a href=""https://news.google.com/rss/articles/CBMi4AFBVV95cUxPNE5mbzhPWndHUzNEVXdXc2lMZkFoMnhTV05USkJKS1ctbVo1cFI1RWdWMllmeUE4b1ZERG1PX1dUcTR5dDFDeWRjSWMxbmlfUEROV2ljRXlXZzRJYWVvZk90NGRTaENkLWhWSEpaOEVXS19sZTJEU3Q2TjFyRkY5V0tYSXhQNkN5cWpTSU94c3BnU2hSTW9OWlh4U3AyQ0dULVBLM1VxTnZKTTU2QlFEb1NTSzljTU4tT0Y0cjFMcUIwUUowaHV1TFEzMGlxVDhZUDllTlZvaGp4TFd2NUI2NA?oc=5"" target=""_blank"">Nâng cao nhận thức về trí tuệ nhân tạo chủ quyền: Bước đi chiến lược xây dựng Tòa án thông minh vì nhân dân phục vụ</a>&nbsp;&nbsp;<font color=""#6f6f6f"">congly.vn</font>",https://news.google.com/rss/articles/CBMi4AFBVV95cUxPNE5mbzhPWndHUzNEVXdXc2lMZkFoMnhTV05USkJKS1ctbVo1cFI1RWdWMllmeUE4b1ZERG1PX1dUcTR5dDFDeWRjSWMxbmlfUEROV2ljRXlXZzRJYWVvZk90NGRTaENkLWhWSEpaOEVXS19sZTJEU3Q2TjFyRkY5V0tYSXhQNkN5cWpTSU94c3BnU2hSTW9OWlh4U3AyQ0dULVBLM1VxTnZKTTU2QlFEb1NTSzljTU4tT0Y0cjFMcUIwUUowaHV1TFEzMGlxVDhZUDllTlZvaGp4TFd2NUI2NA?oc=5,"Tue, 20 Jan 2026 11:48:29 GMT",
Đại hội XIV của Đảng: Lựa chọn chiến lược về AI là cơ hội đột phá của Việt Nam - Vietnam+ (VietnamPlus),"<a href=""https://news.google.com/rss/articles/CBMivAFBVV95cUxOQ29nR1pISE1qcmJmcE4xckVfV2JfOFNINGNjWmVZSmlfTXFNQnF6QnBhWjdXUkR5UHBDaHR4anFROFVDZlU2STRaMkZhNEZHdno0TkttclZNaDBFLWIzYlpfVWFfQmRoblBlNll4Y190d1dVQ1I2c0szeWxfTmNOdnh2aU5YWmx2dmdyYkMxNDdMYW9XT09EVTVtR1M4WWdRYjZ6dUxzSjh3SVlNelg4TFNXelprREdFSTQ1dA?oc=5"" target=""_blank"">Đại hội XIV của Đảng: Lựa chọn chiến lược về AI là cơ hội đột phá của Việt Nam</a>&nbsp;&nbsp;<font color=""#6f6f6f"">Vietnam+ (VietnamPlus)</font>",https://news.google.com/rss/articles/CBMivAFBVV95cUxOQ29nR1pISE1qcmJmcE4xckVfV2JfOFNINGNjWmVZSmlfTXFNQnF6QnBhWjdXUkR5UHBDaHR4anFROFVDZlU2STRaMkZhNEZHdno0TkttclZNaDBFLWIzYlpfVWFfQmRoblBlNll4Y190d1dVQ1I2c0szeWxfTmNOdnh2aU5YWmx2dmdyYkMxNDdMYW9XT09EVTVtR1M4WWdRYjZ6dUxzSjh3SVlNelg4TFNXelprREdFSTQ1dA?oc=5,"Tue, 20 Jan 2026 01:04:02 GMT",
Tòa án nhân dân tối cao tổ chức Hội nghị tập huấn về trí tuệ nhân tạo (AI) phục vụ hoạt động Tòa án - tapchitoaan.vn,"<a href=""https://news.google.com/rss/articles/CBMirwFBVV95cUxOMGJYZVNnU0ZKODVWWU9MZUlzNEFxV1Q0dVJpQmZwMmJoN1FmNE5rY0lvWnFRNGU4U0NjcHRRZktXeDVycnNJaFZsSzczSlg4V0p4dWpCTG1jUHM0ZmxuWUFULWswaGZUZGY2MTdmU2VlNDh3cVd1TUU4M2c1ZC1sYlRnUFRxbmhsTG9NOG5Jdm5CNklZRjVSMjVCWGZnYXN4cDdCUm1QVFczaHVUUmg0?oc=5"" target=""_blank"">Tòa án nhân dân tối cao tổ chức Hội nghị tập huấn về trí tuệ nhân tạo (AI) phục vụ hoạt động Tòa án</a>&nbsp;&nbsp;<font color=""#6f6f6f"">tapchitoaan.vn</font>",https://news.google.com/rss/articles/CBMirwFBVV95cUxOMGJYZVNnU0ZKODVWWU9MZUlzNEFxV1Q0dVJpQmZwMmJoN1FmNE5rY0lvWnFRNGU4U0NjcHRRZktXeDVycnNJaFZsSzczSlg4V0p4dWpCTG1jUHM0ZmxuWUFULWswaGZUZGY2MTdmU2VlNDh3cVd1TUU4M2c1ZC1sYlRnUFRxbmhsTG9NOG5Jdm5CNklZRjVSMjVCWGZnYXN4cDdCUm1QVFczaHVUUmg0?oc=5,"Tue, 20 Jan 2026 07:09:00 GMT",
“Hàn Quốc dùng AI trong công nghiệp văn hóa với tốc độ kinh ngạc” - Báo Phú Thọ,"<a href=""https://news.google.com/rss/articles/CBMimwFBVV95cUxPU2RodmthT0YxQmd2bDlKbDl3d2lkeG0yOW9Sck5NUVpPQXJ3RmF6TUEzU0tkaE10ZjNBRVYxamhiRkRObndLbXBGQVhpUEMyUGNURUpoMU1MN0NtUDA5WkcxbURON18yX0MtSlFlV3lvYU9MUFVQSGRMQXZQTEUzM05CWS0xMEhkVm1SVmZzY1FvajNHWGpiSFRhNA?oc=5"" target=""_blank"">“Hàn Quốc dùng AI trong công nghiệp văn hóa với tốc độ kinh ngạc”</a>&nbsp;&nbsp;<font color=""#6f6f6f"">Báo Phú Thọ</font>",https://news.google.com/rss/articles/CBMimwFBVV95cUxPU2RodmthT0YxQmd2bDlKbDl3d2lkeG0yOW9Sck5NUVpPQXJ3RmF6TUEzU0tkaE10ZjNBRVYxamhiRkRObndLbXBGQVhpUEMyUGNURUpoMU1MN0NtUDA5WkcxbURON18yX0MtSlFlV3lvYU9MUFVQSGRMQXZQTEUzM05CWS0xMEhkVm1SVmZzY1FvajNHWGpiSFRhNA?oc=5,"Tue, 20 Jan 2026 02:45:00 GMT",
"Quản trị AI: ""Cú hích"" để không ai bị bỏ lại phía sau trong kỷ nguyên số - VnEconomy","<a href=""https://news.google.com/rss/articles/CBMiqgFBVV95cUxNU0hjei1FSXRZOC1PSkhueGFxaFdDSlp1Z1FicS1JdWhtcTREam8tVnBFSFp2dGkxeGNES1pHckJnWGMwLWh0b0VvY0NXMDd3blUzT3BvVmN5WkpDZFVvS1pkSzR5VFhWTF9EQVpzWjhSTU5PVGRKTkJfR0ZWWEp3SzVhTzR2RDZrRnFSYlVuUFRhX0tqT1pqZlBBcTRoRlgxM3hwcW5ZRzQxUQ?oc=5"" target=""_blank"">Quản trị AI: ""Cú hích"" để không ai bị bỏ lại phía sau trong kỷ nguyên số</a>&nbsp;&nbsp;<font color=""#6f6f6f"">VnEconomy</font>",https://news.google.com/rss/articles/CBMiqgFBVV95cUxNU0hjei1FSXRZOC1PSkhueGFxaFdDSlp1Z1FicS1JdWhtcTREam8tVnBFSFp2dGkxeGNES1pHckJnWGMwLWh0b0VvY0NXMDd3blUzT3BvVmN5WkpDZFVvS1pkSzR5VFhWTF9EQVpzWjhSTU5PVGRKTkJfR0ZWWEp3SzVhTzR2RDZrRnFSYlVuUFRhX0tqT1pqZlBBcTRoRlgxM3hwcW5ZRzQxUQ?oc=5,"Tue, 20 Jan 2026 02:56:52 GMT",
Startup trí tuệ nhân tạo Việt hút 4 triệu USD từ đối tác Nhật - congly.vn,"<a href=""https://news.google.com/rss/articles/CBMimgFBVV95cUxNakpkOVdpUVptYXdFZ19YQlFneHZfTUhFR2ZzOUtLMnRKV1hyd21Ub18yeU5fS3FGdWZWVU03eUswUWdXWDRsVVJsMm82d1J5Mnd3VVhrMDE1WFRFZjg3MHNqZl9BRksxY2RSQWo5aFp0dU1naG9NeXRNZHBjNllwNnVBZEo2clp5dWxDOVd6VmhsNm12NllxNWV3?oc=5"" target=""_blank"">Startup trí tuệ nhân tạo Việt hút 4 triệu USD từ đối tác Nhật</a>&nbsp;&nbsp;<font color=""#6f6f6f"">congly.vn</font>",https://news.google.com/rss/articles/CBMimgFBVV95cUxNakpkOVdpUVptYXdFZ19YQlFneHZfTUhFR2ZzOUtLMnRKV1hyd21Ub18yeU5fS3FGdWZWVU03eUswUWdXWDRsVVJsMm82d1J5Mnd3VVhrMDE1WFRFZjg3MHNqZl9BRksxY2RSQWo5aFp0dU1naG9NeXRNZHBjNllwNnVBZEo2clp5dWxDOVd6VmhsNm12NllxNWV3?oc=5,"Tue, 20 Jan 2026 11:51:02 GMT",
"Cảnh báo thủ đoạn lợi dụng trí tuệ nhân tạo giả danh lãnh đạo, xuyên tạc Đại hội lần thứ XIV của Đảng - Báo Hải quân Việt Nam","<a href=""https://news.google.com/rss/articles/CBMi0wFBVV95cUxNc1dXWDYxTVYyNEtrb2g2N1B3VC1uc051ZkMzUTROb0FKenBSRTZwd2JpQ0Z1OVVGN1MxSzQ4RE5WSHpjdFRrRzI2MkthSGFiR2Yzb3A4Y3pUWTFRNk40Ui1yVXFsZk5LVHBvS01Ra1BSRHhLRDRxWi1obkdQSFFoSC1BQmFQdHZzVzJ6cWg4ci1RSzcta0JqLUlLWVl0U1hsa0RTaVhYdDNTUDZQUmRuVjZUdFNZYU1CNWh0NlZicVV3WTVzbzJDLWc1NFJYYmhqa25J?oc=5"" target=""_blank"">Cảnh báo thủ đoạn lợi dụng trí tuệ nhân tạo giả danh lãnh đạo, xuyên tạc Đại hội lần thứ XIV của Đảng</a>&nbsp;&nbsp;<font color=""#6f6f6f"">Báo Hải quân Việt Nam</font>",https://news.google.com/rss/articles/CBMi0wFBVV95cUxNc1dXWDYxTVYyNEtrb2g2N1B3VC1uc051ZkMzUTROb0FKenBSRTZwd2JpQ0Z1OVVGN1MxSzQ4RE5WSHpjdFRrRzI2MkthSGFiR2Yzb3A4Y3pUWTFRNk40Ui1yVXFsZk5LVHBvS01Ra1BSRHhLRDRxWi1obkdQSFFoSC1BQmFQdHZzVzJ6cWg4ci1RSzcta0JqLUlLWVl0U1hsa0RTaVhYdDNTUDZQUmRuVjZUdFNZYU1CNWh0NlZicVV3WTVzbzJDLWc1NFJYYmhqa25J?oc=5,"Mon, 19 Jan 2026 03:44:45 GMT",
TP.HCM bắt đầu dạy về trí tuệ nhân tạo: Thí điểm với học sinh trường nào? - Báo Thanh Niên,"<a href=""https://news.google.com/rss/articles/CBMitAFBVV95cUxOY1lfZzlOYzJhMWJXdkd0Qlg4RjhZbEthNHVrODBvdW5JV290STJ3MnAwQ1VKY2JGOFc5WmxEVXFhQ2JGZVpjUkw5bWVSSjNsM0pQS3cxODd0dzVacWltSmxBYTNzTWZVTzRDXzN3bHBybFNfd2ZjSzludGdkZWNDdklfZlR0N0VxcXlxeUxZdXhCOGRSTnp2a3dELWM2eXExQjZsWXpKVEdnQjhFYXozUGNuNkw?oc=5"" target=""_blank"">TP.HCM bắt đầu dạy về trí tuệ nhân tạo: Thí điểm với học sinh trường nào?</a>&nbsp;&nbsp;<font color=""#6f6f6f"">Báo Thanh Niên</font>",https://news.google.com/rss/articles/CBMitAFBVV95cUxOY1lfZzlOYzJhMWJXdkd0Qlg4RjhZbEthNHVrODBvdW5JV290STJ3MnAwQ1VKY2JGOFc5WmxEVXFhQ2JGZVpjUkw5bWVSSjNsM0pQS3cxODd0dzVacWltSmxBYTNzTWZVTzRDXzN3bHBybFNfd2ZjSzludGdkZWNDdklfZlR0N0VxcXlxeUxZdXhCOGRSTnp2a3dELWM2eXExQjZsWXpKVEdnQjhFYXozUGNuNkw?oc=5,"Fri, 16 Jan 2026 11:53:00 GMT",
Ứng dụng công nghệ trí tuệ AI trong đọc dấu hiệu ung thư vú sớm - thuonghieucongluan.com.vn,"<a href=""https://news.google.com/rss/articles/CBMirwFBVV95cUxPMU1hWmd6WTlvb2dTaEZVUV9TcEEwZzlFUmMzWWRld0lKTThpdHV5RUpIemVqV0lxMGdCbTMybWM2ZUZoaG5kRWFtM3BSbGFhRUtNRmczZGw0bWFaMll3b1lKSzg4UUhuQTN2OF9GUTVSX3luY3Q4S1JwQ0Frdzh4V3VwSTVnbFp0SFRlbDlCVkpIdVBQLVE5RXhRNDRsR3ExVDhGRE8tQW9CNkpxOUhv?oc=5"" target=""_blank"">Ứng dụng công nghệ trí tuệ AI trong đọc dấu hiệu ung thư vú sớm</a>&nbsp;&nbsp;<font color=""#6f6f6f"">thuonghieucongluan.com.vn</font>",https://news.google.com/rss/articles/CBMirwFBVV95cUxPMU1hWmd6WTlvb2dTaEZVUV9TcEEwZzlFUmMzWWRld0lKTThpdHV5RUpIemVqV0lxMGdCbTMybWM2ZUZoaG5kRWFtM3BSbGFhRUtNRmczZGw0bWFaMll3b1lKSzg4UUhuQTN2OF9GUTVSX3luY3Q4S1JwQ0Frdzh4V3VwSTVnbFp0SFRlbDlCVkpIdVBQLVE5RXhRNDRsR3ExVDhGRE8tQW9CNkpxOUhv?oc=5,"Tue, 20 Jan 2026 08:25:00 GMT",
Những điểm đáng lưu ý của Luật Trí tuệ nhân tạo sắp có hiệu lực - baochinhphu.vn,"<a href=""https://news.google.com/rss/articles/CBMirgFBVV95cUxNaFh1MTgtTFNSTGNManhwTFlzOHNNdm5yaXJYMVB2eTNKN3pZLVVIMU1hTzlpOGZDdV9hQTY1T3BjWU5PRVJpOGY1QjlaY2NZWEF0OXFYVGR0LTB0Z0xHUDg4Z08tSlRVU1ItaTVKd2lMUnJESFBaZXhQeEtrOUhOOXRWTlZOV3JVTHdJZWliMmZiRE1lbnMwWU9CVEZXaVlucFBIcmozUFB3bUVYWkE?oc=5"" target=""_blank"">Những điểm đáng lưu ý của Luật Trí tuệ nhân tạo sắp có hiệu lực</a>&nbsp;&nbsp;<font color=""#6f6f6f"">baochinhphu.vn</font>",https://news.google.com/rss/articles/CBMirgFBVV95cUxNaFh1MTgtTFNSTGNManhwTFlzOHNNdm5yaXJYMVB2eTNKN3pZLVVIMU1hTzlpOGZDdV9hQTY1T3BjWU5PRVJpOGY1QjlaY2NZWEF0OXFYVGR0LTB0Z0xHUDg4Z08tSlRVU1ItaTVKd2lMUnJESFBaZXhQeEtrOUhOOXRWTlZOV3JVTHdJZWliMmZiRE1lbnMwWU9CVEZXaVlucFBIcmozUFB3bUVYWkE?oc=5,"Mon, 05 Jan 2026 08:00:00 GMT",
Việt Nam là điểm sáng toàn cầu về kinh tế số và phát triển trí tuệ nhân tạo - Pháp Luật và Xã hội,"<a href=""https://news.google.com/rss/articles/CBMiwgFBVV95cUxOMGNKNkx0NVlvVXIzdktUN2VMb01leFNBUjlvT3BUVUVaaHdSV1dieE85NElZMWgyOWlaOTY1Q2x3MjZROU9pcHhSeVRhSWFHY0hpSXJRUTVpSTlON3FnR2tmcEgwSl9zNUxtNHhrOW1zSExVMU56VV8wa1NKaExjSlJBX2oyeG1KT0tzWmlOUWVZTGxrNUxMTXVkWG82RzhTclpsOW80aXJSVjRheHVoSGVNNjBkSE5oNW1yQWV0MnBZdw?oc=5"" target=""_blank"">Việt Nam là điểm sáng toàn cầu về kinh tế số và phát triển trí tuệ nhân tạo</a>&nbsp;&nbsp;<font color=""#6f6f6f"">Pháp Luật và Xã hội</font>",https://news.google.com/rss/articles/CBMiwgFBVV95cUxOMGNKNkx0NVlvVXIzdktUN2VMb01leFNBUjlvT3BUVUVaaHdSV1dieE85NElZMWgyOWlaOTY1Q2x3MjZROU9pcHhSeVRhSWFHY0hpSXJRUTVpSTlON3FnR2tmcEgwSl9zNUxtNHhrOW1zSExVMU56VV8wa1NKaExjSlJBX2oyeG1KT0tzWmlOUWVZTGxrNUxMTXVkWG82RzhTclpsOW80aXJSVjRheHVoSGVNNjBkSE5oNW1yQWV0MnBZdw?oc=5,"Mon, 19 Jan 2026 09:46:24 GMT",
TPHCM triển khai thí điểm giáo dục trí tuệ nhân tạo cho học sinh phổ thông - VOH,"<a href=""https://news.google.com/rss/articles/CBMiwgFBVV95cUxPbkItUkhwRHo2VlNVWmZGR3hVeDN1NGxYTjh4S2dRSldRSGVBcGF0cFhwNVZ4UlA3NVE3MGlMdm90dl9wcjR0cVFLVVBnSHFfei1qcXM5bFBiek03cXl5RjUzUThPZHk3R292U2R1MmRKTlZCem5pclpxX2RPLVFTUk9WbDNfVTZWVUFna1M1SllGaTVVTHZRX20tWE5CemtZRUNRWVRLaWZCbnVsNVdoNl9DbkRZMVVsbG84UWhQRkluUQ?oc=5"" target=""_blank"">TPHCM triển khai thí điểm giáo dục trí tuệ nhân tạo cho học sinh phổ thông</a>&nbsp;&nbsp;<font color=""#6f6f6f"">VOH</font>",https://news.google.com/rss/articles/CBMiwgFBVV95cUxPbkItUkhwRHo2VlNVWmZGR3hVeDN1NGxYTjh4S2dRSldRSGVBcGF0cFhwNVZ4UlA3NVE3MGlMdm90dl9wcjR0cVFLVVBnSHFfei1qcXM5bFBiek03cXl5RjUzUThPZHk3R292U2R1MmRKTlZCem5pclpxX2RPLVFTUk9WbDNfVTZWVUFna1M1SllGaTVVTHZRX20tWE5CemtZRUNRWVRLaWZCbnVsNVdoNl9DbkRZMVVsbG84UWhQRkluUQ?oc=5,"Tue, 20 Jan 2026 03:07:16 GMT",
Trí tuệ nhân tạo tiêu thụ năng lượng khổng lồ: Dùng AI đối phó AI - Tin tức 24h,"<a href=""https://news.google.com/rss/articles/CBMiwgFBVV95cUxPZkhNWUtpU2luWU9yQ24zbXJTZWNrbDlhVDlvNVM1NllXVmxZQzZHOElkQmp0Z1lMVUM1UnhyUE9GVkd4YjB2WXRlTGQwWk1ZRnQxX1dweFB5S1pZbnIyZmJtU1VTaURDRDNyWFNnLXJwcnl0NzRnaUdFQzhBWE9GRkVPekxOd2JWNUlnVWpVbl96cXRyNWtpMHBtbS1WYXBvaEtqcDl4WUVEb1JPbDRSdVNQVGg3U2F0VXd5OGVyRWNiZw?oc=5"" target=""_blank"">Trí tuệ nhân tạo tiêu thụ năng lượng khổng lồ: Dùng AI đối phó AI</a>&nbsp;&nbsp;<font color=""#6f6f6f"">Tin tức 24h</font>",https://news.google.com/rss/articles/CBMiwgFBVV95cUxPZkhNWUtpU2luWU9yQ24zbXJTZWNrbDlhVDlvNVM1NllXVmxZQzZHOElkQmp0Z1lMVUM1UnhyUE9GVkd4YjB2WXRlTGQwWk1ZRnQxX1dweFB5S1pZbnIyZmJtU1VTaURDRDNyWFNnLXJwcnl0NzRnaUdFQzhBWE9GRkVPekxOd2JWNUlnVWpVbl96cXRyNWtpMHBtbS1WYXBvaEtqcDl4WUVEb1JPbDRSdVNQVGg3U2F0VXd5OGVyRWNiZw?oc=5,"Sun, 18 Jan 2026 02:10:00 GMT",
"""Thần đèn đã thoát khỏi chai"": Tỷ phú Warren Buffett cảnh báo sốc về trí tuệ nhân tạo - Thế giới tiếp thị","<a href=""https://news.google.com/rss/articles/CBMiygFBVV95cUxNRGVTMEktbFgwVjJiNXVUUUh0d0RhQm9EdnM3N1E4ZnV5eV9jN1lvM0Z1cEpQQXY3QkpidjFKR3dmUmRVNjA2UDgtZTNCZF82enBqUWttNmhubmRPVUNEM3d3N2NSQzMwUXo4VFhyYmV2U3BsNjJjd3hzc3M3Qmgyb2hpOVEyTm0xMzJjR0J3RnFRdUV5YTV4Y1haNV8yVGhpcmxoV2R5RjYwcnZ0Y2ZhWFVlcnB1SGVtblJOdFNBVzI3Q245S3hDanhR?oc=5"" target=""_blank"">""Thần đèn đã thoát khỏi chai"": Tỷ phú Warren Buffett cảnh báo sốc về trí tuệ nhân tạo</a>&nbsp;&nbsp;<font color=""#6f6f6f"">Thế giới tiếp thị</font>",https://news.google.com/rss/articles/CBMiygFBVV95cUxNRGVTMEktbFgwVjJiNXVUUUh0d0RhQm9EdnM3N1E4ZnV5eV9jN1lvM0Z1cEpQQXY3QkpidjFKR3dmUmRVNjA2UDgtZTNCZF82enBqUWttNmhubmRPVUNEM3d3N2NSQzMwUXo4VFhyYmV2U3BsNjJjd3hzc3M3Qmgyb2hpOVEyTm0xMzJjR0J3RnFRdUV5YTV4Y1haNV8yVGhpcmxoV2R5RjYwcnZ0Y2ZhWFVlcnB1SGVtblJOdFNBVzI3Q245S3hDanhR?oc=5,"Tue, 20 Jan 2026 01:16:00 GMT",
Trí tuệ nhân tạo: Độ lan tỏa của AI gia tăng mạnh trong nửa cuối năm 2025 - baotintuc.vn,"<a href=""https://news.google.com/rss/articles/CBMiuAFBVV95cUxNTFBZajMyY21QZEZtdm5yWUVOczZxanJJbWJkWjNQWFdEaWhqOGgtT2I0eks0MmJTWTlkM3FLLV90Qm0zRFZ3RnlHZ0J6dFp4Q3huT2lzTnU2a2xzMUpLUVRCS2l2ODRQZGszQ3ZoSnY5TzBWQTlpalNCZjZUb1dPRm1fZnUtT09zUFFqT1o1Mm05OERyUDNSaWxDMjlKNmN1RGRfMDl0aF95bUtUWDlvRElfQi1CdWIx?oc=5"" target=""_blank"">Trí tuệ nhân tạo: Độ lan tỏa của AI gia tăng mạnh trong nửa cuối năm 2025</a>&nbsp;&nbsp;<font color=""#6f6f6f"">baotintuc.vn</font>",https://news.google.com/rss/articles/CBMiuAFBVV95cUxNTFBZajMyY21QZEZtdm5yWUVOczZxanJJbWJkWjNQWFdEaWhqOGgtT2I0eks0MmJTWTlkM3FLLV90Qm0zRFZ3RnlHZ0J6dFp4Q3huT2lzTnU2a2xzMUpLUVRCS2l2ODRQZGszQ3ZoSnY5TzBWQTlpalNCZjZUb1dPRm1fZnUtT09zUFFqT1o1Mm05OERyUDNSaWxDMjlKNmN1RGRfMDl0aF95bUtUWDlvRElfQi1CdWIx?oc=5,"Mon, 19 Jan 2026 05:57:00 GMT",
TP. Hồ Chí Minh: Trường học đánh giá việc triển khai giáo dục trí tuệ nhân tạo trước ngày 30/5 - Báo Đại biểu Nhân dân,"<a href=""https://news.google.com/rss/articles/CBMizAFBVV95cUxNR2pmRlhHNU5DdzNEc0IyZTBDTFZUaUNLNmR1QlpELVBfNnp4WXVHVVhwWUdxRXpoNTBseDNOWnB4bWgtcnhoV0tPejFnLWNHeFVTV3BCZk5GMjNKMHpDc0ZxZGZOUTJjR0ZKd195Yk43YlA0U1ZCOVNFZkFEMHNtX3VzTmlWaHFMank1MzJrRFFxS3p0YXgxNUlJS29jZ3ZkWTlhMF9SVEdiUUwycVFrTFVxOHNOdTRRYnNTZXc5aC1aMlpXckpnZTU0aTY?oc=5"" target=""_blank"">TP. Hồ Chí Minh: Trường học đánh giá việc triển khai giáo dục trí tuệ nhân tạo trước ngày 30/5</a>&nbsp;&nbsp;<font color=""#6f6f6f"">Báo Đại biểu Nhân dân</font>",https://news.google.com/rss/articles/CBMizAFBVV95cUxNR2pmRlhHNU5DdzNEc0IyZTBDTFZUaUNLNmR1QlpELVBfNnp4WXVHVVhwWUdxRXpoNTBseDNOWnB4bWgtcnhoV0tPejFnLWNHeFVTV3BCZk5GMjNKMHpDc0ZxZGZOUTJjR0ZKd195Yk43YlA0U1ZCOVNFZkFEMHNtX3VzTmlWaHFMank1MzJrRFFxS3p0YXgxNUlJS29jZ3ZkWTlhMF9SVEdiUUwycVFrTFVxOHNOdTRRYnNTZXc5aC1aMlpXckpnZTU0aTY?oc=5,"Mon, 19 Jan 2026 04:17:01 GMT",
Thí điểm dạy trí tuệ nhân tạo AI cho khoảng 170 trường trung học phổ thông Thành phố Hồ Chí Minh - congdankhuyenhoc.vn,"<a href=""https://news.google.com/rss/articles/CBMi4AFBVV95cUxQdUFzVXBHSVY2SC1UekNRb0tzM1ZXaU4wWEZOQVRpZC1ZeW1yZFhCTGpabTZJdWhpUlhldHB5WHhQM28wZm9Hc3o1NzlFTjBOaS11QXpPalRrMF85NjBabjlta1ZxRFE5Si1tLTJ4VUYxbkExVnVDUUJrMGhHZG1nc0VsVlctVmFsak9GNHJaZ0JzTTBkUVFoM2s5WDFKSGxMT0xfUkl6eFVCOVNOa0hGbHExVkVReHJSem5ybmstWGFHYVRuUWI1VmFRZldFQXdyMTEtWnFIMlY5QzRNQzl3NA?oc=5"" target=""_blank"">Thí điểm dạy trí tuệ nhân tạo AI cho khoảng 170 trường trung học phổ thông Thành phố Hồ Chí Minh</a>&nbsp;&nbsp;<font color=""#6f6f6f"">congdankhuyenhoc.vn</font>",https://news.google.com/rss/articles/CBMi4AFBVV95cUxQdUFzVXBHSVY2SC1UekNRb0tzM1ZXaU4wWEZOQVRpZC1ZeW1yZFhCTGpabTZJdWhpUlhldHB5WHhQM28wZm9Hc3o1NzlFTjBOaS11QXpPalRrMF85NjBabjlta1ZxRFE5Si1tLTJ4VUYxbkExVnVDUUJrMGhHZG1nc0VsVlctVmFsak9GNHJaZ0JzTTBkUVFoM2s5WDFKSGxMT0xfUkl6eFVCOVNOa0hGbHExVkVReHJSem5ybmstWGFHYVRuUWI1VmFRZldFQXdyMTEtWnFIMlY5QzRNQzl3NA?oc=5,"Sat, 17 Jan 2026 12:48:00 GMT",
Trí tuệ nhân tạo: OpenAI thử nghiệm đưa quảng cáo vào ChatGPT - baotintuc.vn,"<a href=""https://news.google.com/rss/articles/CBMivwFBVV95cUxOMkt3QzJmTHY5Rnl4TGxTb244bEdKd0ZoSnJ4V0RhNktMN3Fzd2JzRjNJVTY5Q0JZZlJBaXpCZFlQTkNsbmVUOTVZckx2QkprTmpWVmZ5ZHZNRG1yMmZzWWZSYlBpYlJJWVN6OG9VV2h3cjRNWkJ0QXBWMGNVak9Pdk96NWlBaHBnUVhua1Vra05TSGM2OWt6dEVMQWlfcV95Q1laV0RoZ2FJNnVIZzNFYUMyTnhORlVkWlpyVXdqZw?oc=5"" target=""_blank"">Trí tuệ nhân tạo: OpenAI thử nghiệm đưa quảng cáo vào ChatGPT</a>&nbsp;&nbsp;<font color=""#6f6f6f"">baotintuc.vn</font>",https://news.google.com/rss/articles/CBMivwFBVV95cUxOMkt3QzJmTHY5Rnl4TGxTb244bEdKd0ZoSnJ4V0RhNktMN3Fzd2JzRjNJVTY5Q0JZZlJBaXpCZFlQTkNsbmVUOTVZckx2QkprTmpWVmZ5ZHZNRG1yMmZzWWZSYlBpYlJJWVN6OG9VV2h3cjRNWkJ0QXBWMGNVak9Pdk96NWlBaHBnUVhua1Vra05TSGM2OWt6dEVMQWlfcV95Q1laV0RoZ2FJNnVIZzNFYUMyTnhORlVkWlpyVXdqZw?oc=5,"Sat, 17 Jan 2026 07:28:00 GMT",
Nhà nước khuyến khích phát triển và ứng dụng AI thế hệ mới - Laodong.vn,"<a href=""https://news.google.com/rss/articles/CBMingFBVV95cUxPa3pEcjBfUUQ3cENpYTlRTTUwcXZVdGRsaG5JNW00SFlOZUxfQi1KZFIzeXZZSzBncHl2TXpJRHllWVUybXhFWGhzLUkzcTE2MHh5TjNkVmlLc0JXOWIyb2VybTdOVGs4LUg0UERMM00wNWh1dDhSRWoxY3VUN0E4V1lDaDY5eEJJa3BqWVZUYVJFUEVDbVA5N1RfbTJYQQ?oc=5"" target=""_blank"">Nhà nước khuyến khích phát triển và ứng dụng AI thế hệ mới</a>&nbsp;&nbsp;<font color=""#6f6f6f"">Laodong.vn</font>",https://news.google.com/rss/articles/CBMingFBVV95cUxPa3pEcjBfUUQ3cENpYTlRTTUwcXZVdGRsaG5JNW00SFlOZUxfQi1KZFIzeXZZSzBncHl2TXpJRHllWVUybXhFWGhzLUkzcTE2MHh5TjNkVmlLc0JXOWIyb2VybTdOVGs4LUg0UERMM00wNWh1dDhSRWoxY3VUN0E4V1lDaDY5eEJJa3BqWVZUYVJFUEVDbVA5N1RfbTJYQQ?oc=5,"Sun, 18 Jan 2026 23:34:21 GMT",
Cú đúp của tân kỹ sư trí tuệ nhân tạo - Báo Tuổi Trẻ,"<a href=""https://news.google.com/rss/articles/CBMigwFBVV95cUxPZkg1a1VwSEtESTIwRjhuMktINmNTWmlqcVFhWDdiTVE3WHlPRmtEM0FOOFdTOFlwX3lZTjBYUW1lQ2hnbjVqVTRaX1ctQWQ4ZWxya25qWnBuZU9Ia2NwZXdhVEl2NU14QVplTEhyVXMyS1lpSEcwUW1xUF9MdnRwSkd4NA?oc=5"" target=""_blank"">Cú đúp của tân kỹ sư trí tuệ nhân tạo</a>&nbsp;&nbsp;<font color=""#6f6f6f"">Báo Tuổi Trẻ</font>",https://news.google.com/rss/articles/CBMigwFBVV95cUxPZkg1a1VwSEtESTIwRjhuMktINmNTWmlqcVFhWDdiTVE3WHlPRmtEM0FOOFdTOFlwX3lZTjBYUW1lQ2hnbjVqVTRaX1ctQWQ4ZWxya25qWnBuZU9Ia2NwZXdhVEl2NU14QVplTEhyVXMyS1lpSEcwUW1xUF9MdnRwSkd4NA?oc=5,"Wed, 07 Jan 2026 08:00:00 GMT",
AI tái sinh ngành giải trí Hàn Quốc - Znews,"<a href=""https://news.google.com/rss/articles/CBMieEFVX3lxTE5ncWloZUpTSWJDM3kxM3QxWWlCS3lCUVRJNi13X2R3eXl6VVNSUmd6bERIUzRMMTdJbFZuWlZTNk9vNUJIODd1UTN6R0JoWkcwQnh1Q21JYXVhem5FN1VCeWxsTkhfTVNtTjlybElyRzB1U2pQSHJHbA?oc=5"" target=""_blank"">AI tái sinh ngành giải trí Hàn Quốc</a>&nbsp;&nbsp;<font color=""#6f6f6f"">Znews</font>",https://news.google.com/rss/articles/CBMieEFVX3lxTE5ncWloZUpTSWJDM3kxM3QxWWlCS3lCUVRJNi13X2R3eXl6VVNSUmd6bERIUzRMMTdJbFZuWlZTNk9vNUJIODd1UTN6R0JoWkcwQnh1Q21JYXVhem5FN1VCeWxsTkhfTVNtTjlybElyRzB1U2pQSHJHbA?oc=5,"Tue, 20 Jan 2026 05:10:37 GMT",
"Chính thức: ASUS xác nhận ngừng sản xuất điện thoại, tập trung vào trí tuệ nhân tạo (AI) - CellphoneS","<a href=""https://news.google.com/rss/articles/CBMicEFVX3lxTE9JYzV6UTFOOVlNOXg2NVljT2RneGdvZUdEQXBORDVkSTVQOGZoaGRnb2dyeUlvcGpXRzNPeTJ5aWhoU1kxMHkwVG0zbGhJZ3V0czg3cFdWNjV6bFlaenhROEl2aDBwWHVHWGpjRGdrb3Y?oc=5"" target=""_blank"">Chính thức: ASUS xác nhận ngừng sản xuất điện thoại, tập trung vào trí tuệ nhân tạo (AI)</a>&nbsp;&nbsp;<font color=""#6f6f6f"">CellphoneS</font>",https://news.google.com/rss/articles/CBMicEFVX3lxTE9JYzV6UTFOOVlNOXg2NVljT2RneGdvZUdEQXBORDVkSTVQOGZoaGRnb2dyeUlvcGpXRzNPeTJ5aWhoU1kxMHkwVG0zbGhJZ3V0czg3cFdWNjV6bFlaenhROEl2aDBwWHVHWGpjRGdrb3Y?oc=5,"Tue, 20 Jan 2026 11:53:42 GMT",
TP.HCM bắt đầu thí điểm giáo dục trí tuệ nhân tạo - Tạp chí Saostar,"<a href=""https://news.google.com/rss/articles/CBMirwFBVV95cUxQNG9nbnNKVnZXaW5rTW1nUERwaG5TU1ZSUXo2YzlyUl91ajNUeUdHRWpjZWtVUFNjMWliMEctbUJyNGdFN0JvMXJtQ1QxaVlWWm9GV0pDMEVvWWVKYkhfd00wTlYxOEN6djBYYWFWLWVxb1FFd2tPODI5T2Q5eURVZy1uck9qQ0c5SHpQWlUtQ0xFQUhfaGlNS1kzUjN3Y2JMNWxLYUhBRUtkZlhWVF93?oc=5"" target=""_blank"">TP.HCM bắt đầu thí điểm giáo dục trí tuệ nhân tạo</a>&nbsp;&nbsp;<font color=""#6f6f6f"">Tạp chí Saostar</font>",https://news.google.com/rss/articles/CBMirwFBVV95cUxQNG9nbnNKVnZXaW5rTW1nUERwaG5TU1ZSUXo2YzlyUl91ajNUeUdHRWpjZWtVUFNjMWliMEctbUJyNGdFN0JvMXJtQ1QxaVlWWm9GV0pDMEVvWWVKYkhfd00wTlYxOEN6djBYYWFWLWVxb1FFd2tPODI5T2Q5eURVZy1uck9qQ0c5SHpQWlUtQ0xFQUhfaGlNS1kzUjN3Y2JMNWxLYUhBRUtkZlhWVF93?oc=5,"Mon, 19 Jan 2026 09:00:39 GMT",
Thúc đẩy cơ hội hợp tác về trí tuệ nhân tạo giữa Việt Nam và Đức - Vietnam+ (VietnamPlus),"<a href=""https://news.google.com/rss/articles/CBMiqwFBVV95cUxPczdpR1JNVnQxa203NE9iZUFqeHBqYU1ZdVVnWkJnSVRMVVMwb0hicUhjWkV3aC1jSkNZbTY2Z1VOTjRyblJrRFE1dGNnWTFLc1VKY1dqTmRKeE02WDFKQmw0ZHVVN3djamtzdnhBcWpTdG95SDBtWXE1bFkyTXVjS2paTm1NdS1KTTJKanBkbjZFV3V2TXVYT1BNSE1XenJtRTlybUVoaU0xUHc?oc=5"" target=""_blank"">Thúc đẩy cơ hội hợp tác về trí tuệ nhân tạo giữa Việt Nam và Đức</a>&nbsp;&nbsp;<font color=""#6f6f6f"">Vietnam+ (VietnamPlus)</font>",https://news.google.com/rss/articles/CBMiqwFBVV95cUxPczdpR1JNVnQxa203NE9iZUFqeHBqYU1ZdVVnWkJnSVRMVVMwb0hicUhjWkV3aC1jSkNZbTY2Z1VOTjRyblJrRFE1dGNnWTFLc1VKY1dqTmRKeE02WDFKQmw0ZHVVN3djamtzdnhBcWpTdG95SDBtWXE1bFkyTXVjS2paTm1NdS1KTTJKanBkbjZFV3V2TXVYT1BNSE1XenJtRTlybUVoaU0xUHc?oc=5,"Sun, 18 Jan 2026 22:41:59 GMT",
Hà Nội từng bước “số hóa” giao thông đô thị bằng trí tuệ nhân tạo - VTV Money,"<a href=""https://news.google.com/rss/articles/CBMiqwFBVV95cUxOZWI1ZFBfem9FY3Z2aTNvTExoaDJQT0lXV0hnZEFOaG9QNGplVnVmNi01UTgzTzlTcnJGNjFRa0MyV3hCcjlrTnZxTnhtd0NwZkZPVnJNQmVlQS1HNkIwWm5TWkRGM2RxLXV3dzNvd2h5aWRrTm9udnN6cFhobEJxaXB5NGVJZVRPbE1USi1FOEVRdGtoSllLaG9kS3NPUHQ0MU1haHJGOFFtYm8?oc=5"" target=""_blank"">Hà Nội từng bước “số hóa” giao thông đô thị bằng trí tuệ nhân tạo</a>&nbsp;&nbsp;<font color=""#6f6f6f"">VTV Money</font>",https://news.google.com/rss/articles/CBMiqwFBVV95cUxOZWI1ZFBfem9FY3Z2aTNvTExoaDJQT0lXV0hnZEFOaG9QNGplVnVmNi01UTgzTzlTcnJGNjFRa0MyV3hCcjlrTnZxTnhtd0NwZkZPVnJNQmVlQS1HNkIwWm5TWkRGM2RxLXV3dzNvd2h5aWRrTm9udnN6cFhobEJxaXB5NGVJZVRPbE1USi1FOEVRdGtoSllLaG9kS3NPUHQ0MU1haHJGOFFtYm8?oc=5,"Mon, 19 Jan 2026 06:23:00 GMT",
"Nghiêm cấm dùng AI mô phỏng người, sự kiện thật để lừa dối - Laodong.vn","<a href=""https://news.google.com/rss/articles/CBMinAFBVV95cUxNTjVzMVdYT3RxdndpRFU5R09CZ1FoQWpxV2dMWW5zYTFrZVVMTi1uQ0pzUU13OGM3QlBQTm9nOHkyaXRKNjdPVVBqOWNkaFNneF9GQjdKRHhUeHFJR2ZfOS1CdldUaGktQjhFWHlETFJvaWRDWFJyUld0Nk9PaEFaMW15UWlmbkJ6VExPUXR0Z3BDWnlMM1BQR3FyRDg?oc=5"" target=""_blank"">Nghiêm cấm dùng AI mô phỏng người, sự kiện thật để lừa dối</a>&nbsp;&nbsp;<font color=""#6f6f6f"">Laodong.vn</font>",https://news.google.com/rss/articles/CBMinAFBVV95cUxNTjVzMVdYT3RxdndpRFU5R09CZ1FoQWpxV2dMWW5zYTFrZVVMTi1uQ0pzUU13OGM3QlBQTm9nOHkyaXRKNjdPVVBqOWNkaFNneF9GQjdKRHhUeHFJR2ZfOS1CdldUaGktQjhFWHlETFJvaWRDWFJyUld0Nk9PaEFaMW15UWlmbkJ6VExPUXR0Z3BDWnlMM1BQR3FyRDg?oc=5,"Sun, 18 Jan 2026 01:16:47 GMT",
Thí điểm dạy AI trong trường phổ thông theo hướng tích hợp - hanoimoi.vn,"<a href=""https://news.google.com/rss/articles/CBMilAFBVV95cUxOUXoyaTBFQ0l1d19VVjB1OWVzdjR4NklKNWRpTzVvWmNuSEpTdG5aSlliZW5WVlJLQlhFbFVvM0VfRjhsdmxjNldhMU9uckhoSTJpR1hfc2ZMU2pSUVlaeHpGenpDWUZySzhOdU1qcTZkOHJpTDViWGU2ZXdKT0Q3ZVdpZnNMcTZQSEtZNEI0QnpoODB5?oc=5"" target=""_blank"">Thí điểm dạy AI trong trường phổ thông theo hướng tích hợp</a>&nbsp;&nbsp;<font color=""#6f6f6f"">hanoimoi.vn</font>",https://news.google.com/rss/articles/CBMilAFBVV95cUxOUXoyaTBFQ0l1d19VVjB1OWVzdjR4NklKNWRpTzVvWmNuSEpTdG5aSlliZW5WVlJLQlhFbFVvM0VfRjhsdmxjNldhMU9uckhoSTJpR1hfc2ZMU2pSUVlaeHpGenpDWUZySzhOdU1qcTZkOHJpTDViWGU2ZXdKT0Q3ZVdpZnNMcTZQSEtZNEI0QnpoODB5?oc=5,"Tue, 20 Jan 2026 05:18:36 GMT",
Luật Trí tuệ nhân tạo được xây dựng với nguyên tắc lấy con người làm trung tâm - Báo Quân đội nhân dân,"<a href=""https://news.google.com/rss/articles/CBMi1gFBVV95cUxOUUM0Z1JHRU9xZ3VjYjFuaDBWSFlMazQ5bFlTOGtQNFNtZU45NWwzdXNCRW5UVEVtLUF2eWxpSjBrV1pnMFQ1eGVsbHFxWDZkUXVPa29vN1EzV2V1am13Mkp2OVFNejhLbzF3ak5LTWhJd0FkallYN2NNUWQwaTdvWGhiTUpNMTVNTE9OeWdMY252cVJ6ZGhUMk9xUjdOWXQ2Nk1MMWFVSG1UOGdpZEtaREhlaU95LXVqbmxGck1GTmJoX1ZtOVFZSWR5MGFxNU9RUXBDb3dR?oc=5"" target=""_blank"">Luật Trí tuệ nhân tạo được xây dựng với nguyên tắc lấy con người làm trung tâm</a>&nbsp;&nbsp;<font color=""#6f6f6f"">Báo Quân đội nhân dân</font>",https://news.google.com/rss/articles/CBMi1gFBVV95cUxOUUM0Z1JHRU9xZ3VjYjFuaDBWSFlMazQ5bFlTOGtQNFNtZU45NWwzdXNCRW5UVEVtLUF2eWxpSjBrV1pnMFQ1eGVsbHFxWDZkUXVPa29vN1EzV2V1am13Mkp2OVFNejhLbzF3ak5LTWhJd0FkallYN2NNUWQwaTdvWGhiTUpNMTVNTE9OeWdMY252cVJ6ZGhUMk9xUjdOWXQ2Nk1MMWFVSG1UOGdpZEtaREhlaU95LXVqbmxGck1GTmJoX1ZtOVFZSWR5MGFxNU9RUXBDb3dR?oc=5,"Mon, 05 Jan 2026 08:00:00 GMT",
"Ứng dụng trí tuệ nhân tạo trong khám, chữa bệnh - Vietnam.vn","<a href=""https://news.google.com/rss/articles/CBMieEFVX3lxTE95TTJ3cTV5M0c3MWgyV0tVYkp6X1RKd3JmUVZVakkyWmRNcXd1TFJlLU02cTBSQUxHRmNOVFVIcmVBSnFycVNQLWZFbFdUVFRSNU5BSGRnYkVPT3VPYThBX0QtUzlBLTNVUjJvZHA1UUd6MFBBbWVQWg?oc=5"" target=""_blank"">Ứng dụng trí tuệ nhân tạo trong khám, chữa bệnh</a>&nbsp;&nbsp;<font color=""#6f6f6f"">Vietnam.vn</font>",https://news.google.com/rss/articles/CBMieEFVX3lxTE95TTJ3cTV5M0c3MWgyV0tVYkp6X1RKd3JmUVZVakkyWmRNcXd1TFJlLU02cTBSQUxHRmNOVFVIcmVBSnFycVNQLWZFbFdUVFRSNU5BSGRnYkVPT3VPYThBX0QtUzlBLTNVUjJvZHA1UUd6MFBBbWVQWg?oc=5,"Sun, 18 Jan 2026 22:52:08 GMT",
"Ứng dụng trí tuệ nhân tạo nâng cao hiệu quả chẩn đoán, điều trị ung thư Vú - Doanh nghiệp Cuộc sống","<a href=""https://news.google.com/rss/articles/CBMiuAFBVV95cUxOdTJmdWtBR1h6WWxILWt1WlJrRXVIckprejJFQXk3aGxTY2s5dzhwRnc4SnpHZ3o2RXpFX29MWTVGRF9lUkNkLXBCZEZfNXM1NGluWUdPZGMyQl93WHpmMUZyNmhvc2dUeUdQS1RRZTN4dUczSlZKRXA3aXZqa3BOOXpOMVpfZHNpSFYxMEJEaEsxdS04NmMwb2o4Y21nakZSS2J3dVdVUk9pZzZia2dTczNfZno4azVE?oc=5"" target=""_blank"">Ứng dụng trí tuệ nhân tạo nâng cao hiệu quả chẩn đoán, điều trị ung thư Vú</a>&nbsp;&nbsp;<font color=""#6f6f6f"">Doanh nghiệp Cuộc sống</font>",https://news.google.com/rss/articles/CBMiuAFBVV95cUxOdTJmdWtBR1h6WWxILWt1WlJrRXVIckprejJFQXk3aGxTY2s5dzhwRnc4SnpHZ3o2RXpFX29MWTVGRF9lUkNkLXBCZEZfNXM1NGluWUdPZGMyQl93WHpmMUZyNmhvc2dUeUdQS1RRZTN4dUczSlZKRXA3aXZqa3BOOXpOMVpfZHNpSFYxMEJEaEsxdS04NmMwb2o4Y21nakZSS2J3dVdVUk9pZzZia2dTczNfZno4azVE?oc=5,"Mon, 19 Jan 2026 02:30:14 GMT",
Những sinh viên đầu tiên tốt nghiệp ngành Trí tuệ nhân tạo - VnExpress,"<a href=""https://news.google.com/rss/articles/CBMimAFBVV95cUxQcWZxRjNhXzFZUGU4R2VwWFBCazFtaE9vWDhiMDlOM0Q2c2ZEYjZrdlNoS2xaWUFSLXYza2R1OFFrdExXc0xuZWRySVhmWGdQX2RvemZUVlBxS29iV3VwUUpmQURyMmE1YmY5eUR6Q1VoZmVaeEs5eFhkMGZ1VmtncjFGaS1EUUx3TVhVazFFTmRZM1hpdWRVbg?oc=5"" target=""_blank"">Những sinh viên đầu tiên tốt nghiệp ngành Trí tuệ nhân tạo</a>&nbsp;&nbsp;<font color=""#6f6f6f"">VnExpress</font>",https://news.google.com/rss/articles/CBMimAFBVV95cUxQcWZxRjNhXzFZUGU4R2VwWFBCazFtaE9vWDhiMDlOM0Q2c2ZEYjZrdlNoS2xaWUFSLXYza2R1OFFrdExXc0xuZWRySVhmWGdQX2RvemZUVlBxS29iV3VwUUpmQURyMmE1YmY5eUR6Q1VoZmVaeEs5eFhkMGZ1VmtncjFGaS1EUUx3TVhVazFFTmRZM1hpdWRVbg?oc=5,"Sat, 06 Dec 2025 08:00:00 GMT",
Việt Nam chính thức có Luật Trí tuệ nhân tạo (AI) - baochinhphu.vn,"<a href=""https://news.google.com/rss/articles/CBMimAFBVV95cUxOTXBDN243R0ZHTnNrNzN0OVFBam5nRTBhVU9SZVFncHNVbHhZS1NyWXdDY0lOelh2UU9RbmtvVlJrNW1ack5fa3JSWmZkQ0huYzZDUUowZVR0LV9HX3BCSDVnbGJ6ZEpMRlJyN2tnVlpWNTF4YXZxMF9MXzhfaU4zNWNjZ1dzNnFRZWZDZXZLRlBDbWRoS3hOOQ?oc=5"" target=""_blank"">Việt Nam chính thức có Luật Trí tuệ nhân tạo (AI)</a>&nbsp;&nbsp;<font color=""#6f6f6f"">baochinhphu.vn</font>",https://news.google.com/rss/articles/CBMimAFBVV95cUxOTXBDN243R0ZHTnNrNzN0OVFBam5nRTBhVU9SZVFncHNVbHhZS1NyWXdDY0lOelh2UU9RbmtvVlJrNW1ack5fa3JSWmZkQ0huYzZDUUowZVR0LV9HX3BCSDVnbGJ6ZEpMRlJyN2tnVlpWNTF4YXZxMF9MXzhfaU4zNWNjZ1dzNnFRZWZDZXZLRlBDbWRoS3hOOQ?oc=5,"Wed, 10 Dec 2025 08:00:00 GMT",
Diễn đàn trí tuệ nhân tạo Việt Nam 2026 - Đài Phát thanh và Truyền hình TP.HCM,"<a href=""https://news.google.com/rss/articles/CBMiiAFBVV95cUxOZ1ZNQ0dqVzBSakRlbEgyV1hLeVhucHBzazQ5MGdpbERmMHNIMTBCMUxwZ2JlaG10NWg5am5zcVVNY0l6MnhmbWswMFlEclRtSDJpTVVmSzVOTGZpN1JDWUx1MUVQc0xXTnctN3B3RHQ0Nk15clB1MWlwX2pzRzM4aEh5VnR1Q1lh?oc=5"" target=""_blank"">Diễn đàn trí tuệ nhân tạo Việt Nam 2026</a>&nbsp;&nbsp;<font color=""#6f6f6f"">Đài Phát thanh và Truyền hình TP.HCM</font>",https://news.google.com/rss/articles/CBMiiAFBVV95cUxOZ1ZNQ0dqVzBSakRlbEgyV1hLeVhucHBzazQ5MGdpbERmMHNIMTBCMUxwZ2JlaG10NWg5am5zcVVNY0l6MnhmbWswMFlEclRtSDJpTVVmSzVOTGZpN1JDWUx1MUVQc0xXTnctN3B3RHQ0Nk15clB1MWlwX2pzRzM4aEh5VnR1Q1lh?oc=5,"Tue, 06 Jan 2026 08:00:00 GMT",
Giữ vững lập trường trong thời đại thông tin được tạo nên từ trí tuệ nhân tạo - Báo Phụ Nữ,"<a href=""https://news.google.com/rss/articles/CBMivwFBVV95cUxPUGdzdTBuYlVSaVJHSU5POEtJNVZYMEtRcHdCYWhpZWhDbU1kTEtnN0N3bkZQWlBGcVNtZjFCMEJhcE11UWl4VXEzN1JoZkpaZk0yR050cnNmSU5pNW5DRXBNWEtmVE1UbGtBX1dsX1EyODQtUktxdDdRVXBHT2xJeTZ1dXRuSnRzdmZPSk5PeDcyVnptci1oUkxXNnRxR3ZJNUtVcGFfdGRaLVNOMVhCZGNYM1VUc0tXYnhmNk5yTQ?oc=5"" target=""_blank"">Giữ vững lập trường trong thời đại thông tin được tạo nên từ trí tuệ nhân tạo</a>&nbsp;&nbsp;<font color=""#6f6f6f"">Báo Phụ Nữ</font>",https://news.google.com/rss/articles/CBMivwFBVV95cUxPUGdzdTBuYlVSaVJHSU5POEtJNVZYMEtRcHdCYWhpZWhDbU1kTEtnN0N3bkZQWlBGcVNtZjFCMEJhcE11UWl4VXEzN1JoZkpaZk0yR050cnNmSU5pNW5DRXBNWEtmVE1UbGtBX1dsX1EyODQtUktxdDdRVXBHT2xJeTZ1dXRuSnRzdmZPSk5PeDcyVnptci1oUkxXNnRxR3ZJNUtVcGFfdGRaLVNOMVhCZGNYM1VUc0tXYnhmNk5yTQ?oc=5,"Mon, 19 Jan 2026 06:49:00 GMT",
Khung nội dung thí điểm giáo dục trí tuệ nhân tạo (AI) cho học sinh phổ thông - baochinhphu.vn,"<a href=""https://news.google.com/rss/articles/CBMivgFBVV95cUxOeHJ5WGZOa1c3WjZMVDFOaDk1U2NtSG1OMXZJUE9DNGtROHIxYU93MmM2a1NKdmVxMG0wbmlCZmFoOWZJYU5jNEtwYXZrcVFxVFkzZWx0VmdEX25rZlR1akxuT18tVEg2VTloMkZzUndVeGota1pLUFpHczk0QWI2YWl6QllaWGdZdm8tWXF0NVd2Qkh1WVJ3UHJhQ0dsT2JZenRnQ1dldGtvQlh4ZWE0TXZSQlZTWm1qeXE2b1RR?oc=5"" target=""_blank"">Khung nội dung thí điểm giáo dục trí tuệ nhân tạo (AI) cho học sinh phổ thông</a>&nbsp;&nbsp;<font color=""#6f6f6f"">baochinhphu.vn</font>",https://news.google.com/rss/articles/CBMivgFBVV95cUxOeHJ5WGZOa1c3WjZMVDFOaDk1U2NtSG1OMXZJUE9DNGtROHIxYU93MmM2a1NKdmVxMG0wbmlCZmFoOWZJYU5jNEtwYXZrcVFxVFkzZWx0VmdEX25rZlR1akxuT18tVEg2VTloMkZzUndVeGota1pLUFpHczk0QWI2YWl6QllaWGdZdm8tWXF0NVd2Qkh1WVJ3UHJhQ0dsT2JZenRnQ1dldGtvQlh4ZWE0TXZSQlZTWm1qeXE2b1RR?oc=5,"Wed, 17 Dec 2025 08:00:00 GMT",
Khám phá chip Google Tensor G4: Vi xử lý được tối ưu riêng cho trí tuệ nhân tạo - FPT Shop,"<a href=""https://news.google.com/rss/articles/CBMiekFVX3lxTE1vY193R3ZhWW84akFqNVdhM2lqOU9tSFRQWFB5ZndkVndMb2tPdlpRVFcyY09LRWVicTF4eldkTVh6WkVEMVEzbmlsblJQaDdObkFaUGI4akYweXRFeXh6UUNmVDh5aVVaeThpVlM3WG91OFR6WVNxZVdR?oc=5"" target=""_blank"">Khám phá chip Google Tensor G4: Vi xử lý được tối ưu riêng cho trí tuệ nhân tạo</a>&nbsp;&nbsp;<font color=""#6f6f6f"">FPT Shop</font>",https://news.google.com/rss/articles/CBMiekFVX3lxTE1vY193R3ZhWW84akFqNVdhM2lqOU9tSFRQWFB5ZndkVndMb2tPdlpRVFcyY09LRWVicTF4eldkTVh6WkVEMVEzbmlsblJQaDdObkFaUGI4akYweXRFeXh6UUNmVDh5aVVaeThpVlM3WG91OFR6WVNxZVdR?oc=5,"Tue, 20 Jan 2026 02:44:59 GMT",
Hướng dẫn thí điểm giáo dục trí tuệ nhân tạo trong trường phổ thông - baochinhphu.vn,"<a href=""https://news.google.com/rss/articles/CBMiswFBVV95cUxPUmg4LW1Kb1NJUHE0UDlIVF9oUDkzZHBsUFlyU0pxZ2RjRnM0c0FoS0tVZTZ0eUg3NHRkaDNCc1pDTHM5cWJZWW5wRkpiQ2Q3MUJudURLSE42LW9iOG12dWowek9nZEdYZWZfdElzRXZTU2c0R3c4M1ZYSWp5VDZGdHpFY3V6bDRnekxoNmxpbWo4S3F1ZkNDTGdqUUxBNjFCSUlGOGlCYnZLcS14dzZjdkdQRQ?oc=5"" target=""_blank"">Hướng dẫn thí điểm giáo dục trí tuệ nhân tạo trong trường phổ thông</a>&nbsp;&nbsp;<font color=""#6f6f6f"">baochinhphu.vn</font>",https://news.google.com/rss/articles/CBMiswFBVV95cUxPUmg4LW1Kb1NJUHE0UDlIVF9oUDkzZHBsUFlyU0pxZ2RjRnM0c0FoS0tVZTZ0eUg3NHRkaDNCc1pDTHM5cWJZWW5wRkpiQ2Q3MUJudURLSE42LW9iOG12dWowek9nZEdYZWZfdElzRXZTU2c0R3c4M1ZYSWp5VDZGdHpFY3V6bDRnekxoNmxpbWo4S3F1ZkNDTGdqUUxBNjFCSUlGOGlCYnZLcS14dzZjdkdQRQ?oc=5,"Fri, 19 Dec 2025 08:00:00 GMT",
"Thợ sửa ống nước và thợ điện sẽ là nghề hot, được săn đón nhưng không phải ai cũng được ""trải thảm đỏ"" - CafeF","<a href=""https://news.google.com/rss/articles/CBMi1gFBVV95cUxOd09rMVMwLUxYTE4tQTlQMEZqdktMVmsybUJ4cGdFNHd5YUo0S3JSZ0NsN2hnMEV0ZzBNSzMzU2Z4UFdIZkJRRTNnTmF0X2tLcUFDVjJHSno2UEhveVJ1N2JlampULTZrWHF2YWJZSXNyTEdFUDF4M2NsZkRXaXE0eERFSG5LQjlnX1V0ZklsMWtDQ0JocVJEcUFtRFB3Y1prQUZEWE44VEpQaW92b1hJN29hSF9zb0R5RnU4bU1RXzBOLTVabzlyUzQ0NGJmcXN0Q2laUDF3?oc=5"" target=""_blank"">Thợ sửa ống nước và thợ điện sẽ là nghề hot, được săn đón nhưng không phải ai cũng được ""trải thảm đỏ""</a>&nbsp;&nbsp;<font color=""#6f6f6f"">CafeF</font>",https://news.google.com/rss/articles/CBMi1gFBVV95cUxOd09rMVMwLUxYTE4tQTlQMEZqdktMVmsybUJ4cGdFNHd5YUo0S3JSZ0NsN2hnMEV0ZzBNSzMzU2Z4UFdIZkJRRTNnTmF0X2tLcUFDVjJHSno2UEhveVJ1N2JlampULTZrWHF2YWJZSXNyTEdFUDF4M2NsZkRXaXE0eERFSG5LQjlnX1V0ZklsMWtDQ0JocVJEcUFtRFB3Y1prQUZEWE44VEpQaW92b1hJN29hSF9zb0R5RnU4bU1RXzBOLTVabzlyUzQ0NGJmcXN0Q2laUDF3?oc=5,"Tue, 20 Jan 2026 00:29:00 GMT",
Hàn Quốc vươn lên dẫn đầu thế giới về vật liệu cốt lõi trong bộ nhớ AI - thuonghieucongluan.com.vn,"<a href=""https://news.google.com/rss/articles/CBMiuAFBVV95cUxNMEU4U2ZhMTZmblJzSjBST3ozaE5UWnpmQ3VqbHBSOFVhRGd3WG9GdzV4N1dOcEd1X0ZJbkNnMlRrTlV3RmItUEFjemR0c0oyZEVtOVdVZUJITm12aWotWGNzeFZJMUNWUGZvdWgwRmVZQVA1bmNBWDdXcDk4VGkycXNKalNjblFJUGlEMUZ1bURjVzVqOFM2Unk3QjNRbElIQXlZYU9nZFpaUFVqOFFpS0xRUTB4RUdw?oc=5"" target=""_blank"">Hàn Quốc vươn lên dẫn đầu thế giới về vật liệu cốt lõi trong bộ nhớ AI</a>&nbsp;&nbsp;<font color=""#6f6f6f"">thuonghieucongluan.com.vn</font>",https://news.google.com/rss/articles/CBMiuAFBVV95cUxNMEU4U2ZhMTZmblJzSjBST3ozaE5UWnpmQ3VqbHBSOFVhRGd3WG9GdzV4N1dOcEd1X0ZJbkNnMlRrTlV3RmItUEFjemR0c0oyZEVtOVdVZUJITm12aWotWGNzeFZJMUNWUGZvdWgwRmVZQVA1bmNBWDdXcDk4VGkycXNKalNjblFJUGlEMUZ1bURjVzVqOFM2Unk3QjNRbElIQXlZYU9nZFpaUFVqOFFpS0xRUTB4RUdw?oc=5,"Mon, 19 Jan 2026 12:26:00 GMT",
Báo chí và trí tuệ nhân tạo: Chìa khóa mở cánh cửa kỷ nguyên mới - Báo Lao động thủ đô,"<a href=""https://news.google.com/rss/articles/CBMioAFBVV95cUxPRGo0cTFTQjh6MVJQbER2QzczbDVzMng5b3ppbEhpNWZTZGdSQzFrSTN0aXA5WHBkX1RDUDVUS2M3Yy0tcnRTNnpDVDltdnVTeGdKZmhSMWI5ZWNjdDMwWWFNOVJmV3JUQ3dpaUlhbUNNUlNrYlpFb2IyeVhkLUZPOXR2WGp1Q3lkWDdnZnVWVlNhYmZrNzlqS1U4czBaOHU4?oc=5"" target=""_blank"">Báo chí và trí tuệ nhân tạo: Chìa khóa mở cánh cửa kỷ nguyên mới</a>&nbsp;&nbsp;<font color=""#6f6f6f"">Báo Lao động thủ đô</font>",https://news.google.com/rss/articles/CBMioAFBVV95cUxPRGo0cTFTQjh6MVJQbER2QzczbDVzMng5b3ppbEhpNWZTZGdSQzFrSTN0aXA5WHBkX1RDUDVUS2M3Yy0tcnRTNnpDVDltdnVTeGdKZmhSMWI5ZWNjdDMwWWFNOVJmV3JUQ3dpaUlhbUNNUlNrYlpFb2IyeVhkLUZPOXR2WGp1Q3lkWDdnZnVWVlNhYmZrNzlqS1U4czBaOHU4?oc=5,"Mon, 29 Dec 2025 15:02:07 GMT",
"Cán bộ, công chức VPCP tập huấn về Trí tuệ nhân tạo (AI) - vpcp.chinhphu.vn","<a href=""https://news.google.com/rss/articles/CBMirwFBVV95cUxQQXRqRGhReHBockQxTUExVUVKTHdlc0taTURKeU41ZHJVcnNzdEVueDRKekhYdHJyNkN6QU5kbEtxbWNjYWpZRUJRTUdQNFk3bUs4MW1WOWloLTRjT1JJU28yV1IzOHYzV0F5bjZvR185cFJWLUpxM29NaFZjZTZWM2RYSlNTRWpEUTY2ZVdQX2dMWGFzT2Nib2t6dk40S0dUQ1Nxb2ZwNC0wQWFld1FF?oc=5"" target=""_blank"">Cán bộ, công chức VPCP tập huấn về Trí tuệ nhân tạo (AI)</a>&nbsp;&nbsp;<font color=""#6f6f6f"">vpcp.chinhphu.vn</font>",https://news.google.com/rss/articles/CBMirwFBVV95cUxQQXRqRGhReHBockQxTUExVUVKTHdlc0taTURKeU41ZHJVcnNzdEVueDRKekhYdHJyNkN6QU5kbEtxbWNjYWpZRUJRTUdQNFk3bUs4MW1WOWloLTRjT1JJU28yV1IzOHYzV0F5bjZvR185cFJWLUpxM29NaFZjZTZWM2RYSlNTRWpEUTY2ZVdQX2dMWGFzT2Nib2t6dk40S0dUQ1Nxb2ZwNC0wQWFld1FF?oc=5,"Wed, 07 Jan 2026 08:00:00 GMT",
Ứng dụng trí tuệ nhân tạo và dữ liệu lớn trong hoạt động của Toà án: Kinh nghiệm từ “Toà án thông minh” của Trung Quốc và định hướng cho Việt Nam theo tinh thần Nghị quyết 66-NQ/TW - Tạp chí Pháp Lý,"<a href=""https://news.google.com/rss/articles/CBMitgJBVV95cUxOUWQ0RlFFUzZ0UG5wd1pSY2wtRFRpRlhidE9tb0M2MU1PTHJjSnJpZXRzMEVIWUJlX2xpUTIzTUNnYVItQWd4WXpLNHFpMVp5aEFOeTZJV1VSdzZlU05FRnZDM1RZSVQzTjZnM3pINU5zeU9ZaG1ETldfTG5pMGM0LXJSVkt6VkFScVFaVndySGJoclFNUmlRMUtNTkY1a2M3NTQ1c29mZTUybTNPUWJ0NUxRM1l4Uk1hbUczdXpMWjI3WGdiWDF4MnpyRlc0ejZTTjdVNjdBaG55LTlteDVoYUk2N0FjYzJ6bE5McjgwdGZMRWpDVzA2bTd0c3l2dk9LWXphejdidUJ3ZFFIVVpBYkpCNm1IQmZ4T3NRZWRjeFR3Z0pyRGhRQVVJeFRsYmZwd0MzMTdR?oc=5"" target=""_blank"">Ứng dụng trí tuệ nhân tạo và dữ liệu lớn trong hoạt động của Toà án: Kinh nghiệm từ “Toà án thông minh” của Trung Quốc và định hướng cho Việt Nam theo tinh thần Nghị quyết 66-NQ/TW</a>&nbsp;&nbsp;<font color=""#6f6f6f"">Tạp chí Pháp Lý</font>",https://news.google.com/rss/articles/CBMitgJBVV95cUxOUWQ0RlFFUzZ0UG5wd1pSY2wtRFRpRlhidE9tb0M2MU1PTHJjSnJpZXRzMEVIWUJlX2xpUTIzTUNnYVItQWd4WXpLNHFpMVp5aEFOeTZJV1VSdzZlU05FRnZDM1RZSVQzTjZnM3pINU5zeU9ZaG1ETldfTG5pMGM0LXJSVkt6VkFScVFaVndySGJoclFNUmlRMUtNTkY1a2M3NTQ1c29mZTUybTNPUWJ0NUxRM1l4Uk1hbUczdXpMWjI3WGdiWDF4MnpyRlc0ejZTTjdVNjdBaG55LTlteDVoYUk2N0FjYzJ6bE5McjgwdGZMRWpDVzA2bTd0c3l2dk9LWXphejdidUJ3ZFFIVVpBYkpCNm1IQmZ4T3NRZWRjeFR3Z0pyRGhRQVVJeFRsYmZwd0MzMTdR?oc=5,"Thu, 25 Dec 2025 08:00:00 GMT",
Luật Trí tuệ nhân tạo 2025 và 10+ điểm đáng chú ý - LuatVietnam,"<a href=""https://news.google.com/rss/articles/CBMiqgFBVV95cUxNdEs0dG52NXFRSlJ6Tmozb1BaTmZfQTRNZElDUkJ2YTZNcWpjN1Bua2tGUkdJVXpEeGtFUk85dWRpNV9PMXpCTjB6ZE5FTmJQb2lHdlR2SU1SMnVNNnppTU5McjFYMVBvWWpqN0tJSjdZd0RyOTJ3MTBEeDFfaTlWMkZ3c3YycTJIZ2ZUTzA4MGg1eTBGdlN4SnVsbFhoUkR3N3ZPSnlZSmx2dw?oc=5"" target=""_blank"">Luật Trí tuệ nhân tạo 2025 và 10+ điểm đáng chú ý</a>&nbsp;&nbsp;<font color=""#6f6f6f"">LuatVietnam</font>",https://news.google.com/rss/articles/CBMiqgFBVV95cUxNdEs0dG52NXFRSlJ6Tmozb1BaTmZfQTRNZElDUkJ2YTZNcWpjN1Bua2tGUkdJVXpEeGtFUk85dWRpNV9PMXpCTjB6ZE5FTmJQb2lHdlR2SU1SMnVNNnppTU5McjFYMVBvWWpqN0tJSjdZd0RyOTJ3MTBEeDFfaTlWMkZ3c3YycTJIZ2ZUTzA4MGg1eTBGdlN4SnVsbFhoUkR3N3ZPSnlZSmx2dw?oc=5,"Thu, 25 Dec 2025 08:00:00 GMT",
Đề xuất triển khai thí điểm nội dung giáo dục trí tuệ nhân tạo trong giáo dục phổ thông - baochinhphu.vn,"<a href=""https://news.google.com/rss/articles/CBMizgFBVV95cUxNQmlzeFJBM3ZVLUl6Vk5PdG1zbWI3aUVaS05Vc3VsSXRMZzJJSlgwREZIc2RBREI1UlN1eS1jMG91M2R4U24zTzB2ZFRTVXY5SUpVRlVnY2hfNUc2ZXBKU0hnVnd3aTMzY1ROYjMzQnVzcVl1NnhRck90NDNvWHQza29BZmhEX2dVRnlRSUR1Sy1zbmN6MEgwdmpfOXFXdzVoMXZXVHd0bTFpRl81Z05BSjJkVW9FaFJOamxfWGxpdnQ0anV5ZldDUXRRNThqZw?oc=5"" target=""_blank"">Đề xuất triển khai thí điểm nội dung giáo dục trí tuệ nhân tạo trong giáo dục phổ thông</a>&nbsp;&nbsp;<font color=""#6f6f6f"">baochinhphu.vn</font>",https://news.google.com/rss/articles/CBMizgFBVV95cUxNQmlzeFJBM3ZVLUl6Vk5PdG1zbWI3aUVaS05Vc3VsSXRMZzJJSlgwREZIc2RBREI1UlN1eS1jMG91M2R4U24zTzB2ZFRTVXY5SUpVRlVnY2hfNUc2ZXBKU0hnVnd3aTMzY1ROYjMzQnVzcVl1NnhRck90NDNvWHQza29BZmhEX2dVRnlRSUR1Sy1zbmN6MEgwdmpfOXFXdzVoMXZXVHd0bTFpRl81Z05BSjJkVW9FaFJOamxfWGxpdnQ0anV5ZldDUXRRNThqZw?oc=5,"Tue, 25 Nov 2025 08:00:00 GMT",
Trí tuệ nhân tạo: Nvidia trình làng nền tảng chip AI mới - baotintuc.vn,"<a href=""https://news.google.com/rss/articles/CBMiqwFBVV95cUxQbFJwNU9nY2prNnR2TmJnbW9sQXF6MHJwWk50cm9lcERhQ1lnMVgyX1labzBhVGNRVTNia1ljR0JjdEJEQkxFcFItMGlnQnZqR2JwZjJDYkpDSEo4R2xEYktKNm4yNVdZZkdiRk9Ubmx5T2ZFaU5HSVBVN1JBYVd6S2p0U05hRHhrOExfVmRvNmROTkpZQ0RtYXNYa0ZFU3ViNzNwRzUwOERiMzA?oc=5"" target=""_blank"">Trí tuệ nhân tạo: Nvidia trình làng nền tảng chip AI mới</a>&nbsp;&nbsp;<font color=""#6f6f6f"">baotintuc.vn</font>",https://news.google.com/rss/articles/CBMiqwFBVV95cUxQbFJwNU9nY2prNnR2TmJnbW9sQXF6MHJwWk50cm9lcERhQ1lnMVgyX1labzBhVGNRVTNia1ljR0JjdEJEQkxFcFItMGlnQnZqR2JwZjJDYkpDSEo4R2xEYktKNm4yNVdZZkdiRk9Ubmx5T2ZFaU5HSVBVN1JBYVd6S2p0U05hRHhrOExfVmRvNmROTkpZQ0RtYXNYa0ZFU3ViNzNwRzUwOERiMzA?oc=5,"Tue, 06 Jan 2026 08:00:00 GMT",
Diễn đàn Trí tuệ nhân tạo Việt Nam 2026: Điểm hẹn kết nối cộng đồng AI Việt Nam - Báo VietNamNet,"<a href=""https://news.google.com/rss/articles/CBMiswFBVV95cUxNa3pkZmZaY29ILVh5dE9IZ2dlc1E0RGFxUkhYYU9zZDRDWWtqaDRQaWNndnJOVXl3WGRxSUdXaDk5OWdLN1BoRzZEWGF2ZDRQTl9oZXI5Q3dSc3JzOVU5SUlCaVpaVFdCQXlnalBzNnNxSWhlYUpwaWFzc1dZWWRKcnh4SFdxaUU3eEVoOTRTTmtKSFk0M1ZoNm84bDlyVXVWcnUwQXpLZWE5VFgwVnFPdHhaMA?oc=5"" target=""_blank"">Diễn đàn Trí tuệ nhân tạo Việt Nam 2026: Điểm hẹn kết nối cộng đồng AI Việt Nam</a>&nbsp;&nbsp;<font color=""#6f6f6f"">Báo VietNamNet</font>",https://news.google.com/rss/articles/CBMiswFBVV95cUxNa3pkZmZaY29ILVh5dE9IZ2dlc1E0RGFxUkhYYU9zZDRDWWtqaDRQaWNndnJOVXl3WGRxSUdXaDk5OWdLN1BoRzZEWGF2ZDRQTl9oZXI5Q3dSc3JzOVU5SUlCaVpaVFdCQXlnalBzNnNxSWhlYUpwaWFzc1dZWWRKcnh4SFdxaUU3eEVoOTRTTmtKSFk0M1ZoNm84bDlyVXVWcnUwQXpLZWE5VFgwVnFPdHhaMA?oc=5,"Tue, 30 Dec 2025 08:00:00 GMT",
Đồ chơi tích hợp trí tuệ nhân tạo có an toàn cho trẻ? - VOH,"<a href=""https://news.google.com/rss/articles/CBMixgFBVV95cUxOWVNnT180Z3h6YUVaOXBRTVBnQWRxV2RhcmdPUmwtTWFETGg3NVZwRUhOU0dDUlgzczhQaFB0aHY1MHBDOEpYYXl1MDZlZTJQOTdyVXo1MXhXZFVibm1NcXpoVHMzSDJ4aktySXBpejUzZ19CLXdPeDFHY2ROeHBKcDR6emxDb0hSdGE5OHVGR0lYYzc0bkxMdGFkcEtMR3lpSzdyMDBsRU1IdlkyWGRDWGdBM1Y0a0ltVENlLTlzc3h0SE91OEE?oc=5"" target=""_blank"">Đồ chơi tích hợp trí tuệ nhân tạo có an toàn cho trẻ?</a>&nbsp;&nbsp;<font color=""#6f6f6f"">VOH</font>",https://news.google.com/rss/articles/CBMixgFBVV95cUxOWVNnT180Z3h6YUVaOXBRTVBnQWRxV2RhcmdPUmwtTWFETGg3NVZwRUhOU0dDUlgzczhQaFB0aHY1MHBDOEpYYXl1MDZlZTJQOTdyVXo1MXhXZFVibm1NcXpoVHMzSDJ4aktySXBpejUzZ19CLXdPeDFHY2ROeHBKcDR6emxDb0hSdGE5OHVGR0lYYzc0bkxMdGFkcEtMR3lpSzdyMDBsRU1IdlkyWGRDWGdBM1Y0a0ltVENlLTlzc3h0SE91OEE?oc=5,"Mon, 19 Jan 2026 17:04:33 GMT",
Ban hành Khung nội dung thí điểm giáo dục trí tuệ nhân tạo cho học sinh phổ thông - Báo Nhân Dân điện tử,"<a href=""https://news.google.com/rss/articles/CBMitwFBVV95cUxPY2VZOFF4eXcwWXZYZ2VMNFdpZFRER0t4dkdENlZ6VnNhZ2d1RTdZcW5BcnRuQXdYMXJQUk1fODc1bWJxMXFpZGxNRlk2R3FNWlFlMEV5bl9lc25RQ2tWZDczWTdaRG9kTUc3SDQ4OVVPY3RNelljX0NaRUhfcG5xb3lEZ2ZFM2g3ZFR6Vnpib3REc0J3MFMzZVVGMExXbFdsS0gzUTlIc1hsM18yM1ZZUXNiWXFnUlk?oc=5"" target=""_blank"">Ban hành Khung nội dung thí điểm giáo dục trí tuệ nhân tạo cho học sinh phổ thông</a>&nbsp;&nbsp;<font color=""#6f6f6f"">Báo Nhân Dân điện tử</font>",https://news.google.com/rss/articles/CBMitwFBVV95cUxPY2VZOFF4eXcwWXZYZ2VMNFdpZFRER0t4dkdENlZ6VnNhZ2d1RTdZcW5BcnRuQXdYMXJQUk1fODc1bWJxMXFpZGxNRlk2R3FNWlFlMEV5bl9lc25RQ2tWZDczWTdaRG9kTUc3SDQ4OVVPY3RNelljX0NaRUhfcG5xb3lEZ2ZFM2g3ZFR6Vnpib3REc0J3MFMzZVVGMExXbFdsS0gzUTlIc1hsM18yM1ZZUXNiWXFnUlk?oc=5,"Mon, 15 Dec 2025 08:00:00 GMT",
Bàn về tính khả thi của luật trí tuệ nhân tạo - Tạp chí Kinh tế Sài Gòn,"<a href=""https://news.google.com/rss/articles/CBMifEFVX3lxTE1Pd0RhTTVpNDR1TWVIVGdkdDh0bk9tcHV4RWV0Sm5DU3Zxc2pKektXamlsbVdubjFUSVVOWkJtR1VkY0lYLVQzc21iZFQteDlCd2hLTlBkRHVwYm51d3FoOXlDQkhvbmpfeEEtUUJDWlBYRDJIVEQyU3VpT1M?oc=5"" target=""_blank"">Bàn về tính khả thi của luật trí tuệ nhân tạo</a>&nbsp;&nbsp;<font color=""#6f6f6f"">Tạp chí Kinh tế Sài Gòn</font>",https://news.google.com/rss/articles/CBMifEFVX3lxTE1Pd0RhTTVpNDR1TWVIVGdkdDh0bk9tcHV4RWV0Sm5DU3Zxc2pKektXamlsbVdubjFUSVVOWkJtR1VkY0lYLVQzc21iZFQteDlCd2hLTlBkRHVwYm51d3FoOXlDQkhvbmpfeEEtUUJDWlBYRDJIVEQyU3VpT1M?oc=5,"Fri, 26 Dec 2025 08:00:00 GMT",
"Luật Trí tuệ nhân tạo - bước tiến về quản lý, phát triển AI cho Việt Nam - VnExpress","<a href=""https://news.google.com/rss/articles/CBMipwFBVV95cUxQWWZhdF9MWHl2LXJLYVMwbmY3ek80YXpZeFM0SWJoWFNGMTdNaE8tcTVhZHY3QVV2Z1REOVMwQjZlOWRtcFJOYTVzZVRMRWk2by1acHJJaUNocWRSRnFHNzlwcmc5WkstTW5QZF9LY2xzNmNPR001bktUaEo1QlNqTkFSUEZ3NTNmZndnbk5FRzhtUTY4Tmh6NTd6VXZ2RG5fS0tCRzl4UQ?oc=5"" target=""_blank"">Luật Trí tuệ nhân tạo - bước tiến về quản lý, phát triển AI cho Việt Nam</a>&nbsp;&nbsp;<font color=""#6f6f6f"">VnExpress</font>",https://news.google.com/rss/articles/CBMipwFBVV95cUxQWWZhdF9MWHl2LXJLYVMwbmY3ek80YXpZeFM0SWJoWFNGMTdNaE8tcTVhZHY3QVV2Z1REOVMwQjZlOWRtcFJOYTVzZVRMRWk2by1acHJJaUNocWRSRnFHNzlwcmc5WkstTW5QZF9LY2xzNmNPR001bktUaEo1QlNqTkFSUEZ3NTNmZndnbk5FRzhtUTY4Tmh6NTd6VXZ2RG5fS0tCRzl4UQ?oc=5,"Thu, 11 Dec 2025 08:00:00 GMT",
Triển khai giáo dục trí tuệ nhân tạo cho học sinh phổ thông - moet.gov.vn,"<a href=""https://news.google.com/rss/articles/CBMilwFBVV95cUxPVDZoWERhYklldjBVYVMzQVVtemo1cmhXcmVOMlY1SmItNTRxYzI1ZGVvZzBiVWdsU2JXc21XMHZxT3hUYU9ZZXRMTHZEY0JMQU5jbmVrTHhMZGFDLWN0REdDam1VcVhsX0oyU1lLZGgwRndUejRDRmJNWWdFMXdWZEtTVUlwQUNIRDZVQ1ZFN2dRU1I5eGw4?oc=5"" target=""_blank"">Triển khai giáo dục trí tuệ nhân tạo cho học sinh phổ thông</a>&nbsp;&nbsp;<font color=""#6f6f6f"">moet.gov.vn</font>",https://news.google.com/rss/articles/CBMilwFBVV95cUxPVDZoWERhYklldjBVYVMzQVVtemo1cmhXcmVOMlY1SmItNTRxYzI1ZGVvZzBiVWdsU2JXc21XMHZxT3hUYU9ZZXRMTHZEY0JMQU5jbmVrTHhMZGFDLWN0REdDam1VcVhsX0oyU1lLZGgwRndUejRDRmJNWWdFMXdWZEtTVUlwQUNIRDZVQ1ZFN2dRU1I5eGw4?oc=5,"Thu, 13 Nov 2025 08:00:00 GMT",
OpenAI sẽ tập trung vào “ứng dụng thực tiễn” trong năm 2026 - Tạp chí Saostar,"<a href=""https://news.google.com/rss/articles/CBMitgFBVV95cUxQaWQ3VFl4Z0UzOEdmU2h2bjBqODNndDJadkN5YjhkTFItTFdrM0V6enVSUFZhTlRCZEFLZXhRX1p2R3hIdG5RNTF2UWg4VVhzRXpZbGFRY1lXTWUzTW56N0wxWWZXSDBwNzF5ZWJUcUJCS0d0M05ZZnd4ejdmUmRjUURKVnZIVjB2X1FYV3FIaTBScDdtcHAwT2hGbXZEa25ybkI0Zjc5WVlxdk5paHFkS1g0OUZrZw?oc=5"" target=""_blank"">OpenAI sẽ tập trung vào “ứng dụng thực tiễn” trong năm 2026</a>&nbsp;&nbsp;<font color=""#6f6f6f"">Tạp chí Saostar</font>",https://news.google.com/rss/articles/CBMitgFBVV95cUxQaWQ3VFl4Z0UzOEdmU2h2bjBqODNndDJadkN5YjhkTFItTFdrM0V6enVSUFZhTlRCZEFLZXhRX1p2R3hIdG5RNTF2UWg4VVhzRXpZbGFRY1lXTWUzTW56N0wxWWZXSDBwNzF5ZWJUcUJCS0d0M05ZZnd4ejdmUmRjUURKVnZIVjB2X1FYV3FIaTBScDdtcHAwT2hGbXZEa25ybkI0Zjc5WVlxdk5paHFkS1g0OUZrZw?oc=5,"Tue, 20 Jan 2026 13:55:08 GMT",
"🇻🇳 Việt Nam vừa chính thức có Luật Trí tuệ nhân tạo (AI). Với việc thông qua Luật này, Việt Nam trở thành một trong số ít quốc gia có khung pháp lý toàn diện về AI. --- 👥 🤖 Luật Trí tuệ nhân tạo xác định CON NGƯỜI LÀ TRUNG TÂM, quy định AI PHỤC VỤ C - Facebook","<a href=""https://news.google.com/rss/articles/CBMi5wJBVV95cUxQY0UwZm5wMDRZUmJmdlM2aUpJczAxRFFob1hEQ3gyWG0zbzU1NnFDRExoX1NHM3Z4dVl3V0tXc0JsUmtCOEVQcndfdmw4OWFGRnY4RUtXOFRiT1hmWXFZYXBMSW0xSVRJdTZzYUdwd0dDem9zYWxQOVVac1l0VWRibW5rVU1fcW1Sa3I4Qklvd0ZXQ0lJTS1HbUFIaTMxMV9lbTY0NnE4eFU4ZDd1QlhCQ2NBSDRWTGFZajMyMU4tcTloeWJTcnMzcFFwWUp0MGxTTS1tQTZEejRUMzVLUjVlRmVKWFBicGYtTU1RZ2FnQ1R6V0hsMmQ2SjZpMFc0c1ZEQUtxUDZ3eXNENlI4RFRCSm01NEFqSUZVUHc5VXhlTmROcmdfS2o3cDZ5ekJJdUsxeFZmcjl6a3NiMWlReWstQzYyRE82cFlQWjJNR2VFeFkxd0UtbzlEQ3Z2enFBYnF6OEExd29uaw?oc=5"" target=""_blank"">🇻🇳 Việt Nam vừa chính thức có Luật Trí tuệ nhân tạo (AI). Với việc thông qua Luật này, Việt Nam trở thành một trong số ít quốc gia có khung pháp lý toàn diện về AI. --- 👥 🤖 Luật Trí tuệ nhân tạo xác định CON NGƯỜI LÀ TRUNG TÂM, quy định AI PHỤC VỤ C</a>&nbsp;&nbsp;<font color=""#6f6f6f"">Facebook</font>",https://news.google.com/rss/articles/CBMi5wJBVV95cUxQY0UwZm5wMDRZUmJmdlM2aUpJczAxRFFob1hEQ3gyWG0zbzU1NnFDRExoX1NHM3Z4dVl3V0tXc0JsUmtCOEVQcndfdmw4OWFGRnY4RUtXOFRiT1hmWXFZYXBMSW0xSVRJdTZzYUdwd0dDem9zYWxQOVVac1l0VWRibW5rVU1fcW1Sa3I4Qklvd0ZXQ0lJTS1HbUFIaTMxMV9lbTY0NnE4eFU4ZDd1QlhCQ2NBSDRWTGFZajMyMU4tcTloeWJTcnMzcFFwWUp0MGxTTS1tQTZEejRUMzVLUjVlRmVKWFBicGYtTU1RZ2FnQ1R6V0hsMmQ2SjZpMFc0c1ZEQUtxUDZ3eXNENlI4RFRCSm01NEFqSUZVUHc5VXhlTmROcmdfS2o3cDZ5ekJJdUsxeFZmcjl6a3NiMWlReWstQzYyRE82cFlQWjJNR2VFeFkxd0UtbzlEQ3Z2enFBYnF6OEExd29uaw?oc=5,"Wed, 10 Dec 2025 08:00:00 GMT",
Minh bạch hóa sản phẩm trí tuệ nhân tạo - Báo Nhân Dân điện tử,"<a href=""https://news.google.com/rss/articles/CBMif0FVX3lxTE5kak80TjRyS0stQThCZEVTdjFfc2RmNkR4aXhRS0tRVWFOanVHb0gxRVdfbEpNNmFEVU5DN0FpMG40RGh6QS1BdU9pS3NLbGpfMkJMZUh4UHQ2bm9Ya0c0djlDQWxmU3ZuVU42MV9WalExSVpxSmI3S1JneUtib1E?oc=5"" target=""_blank"">Minh bạch hóa sản phẩm trí tuệ nhân tạo</a>&nbsp;&nbsp;<font color=""#6f6f6f"">Báo Nhân Dân điện tử</font>",https://news.google.com/rss/articles/CBMif0FVX3lxTE5kak80TjRyS0stQThCZEVTdjFfc2RmNkR4aXhRS0tRVWFOanVHb0gxRVdfbEpNNmFEVU5DN0FpMG40RGh6QS1BdU9pS3NLbGpfMkJMZUh4UHQ2bm9Ya0c0djlDQWxmU3ZuVU42MV9WalExSVpxSmI3S1JneUtib1E?oc=5,"Sun, 02 Nov 2025 07:00:00 GMT",
"Dự án Luật Trí tuệ nhân tạo: Đề nghị bổ sung một mục riêng về sử dụng AI trong đào tạo, nghiên cứu - xaydungchinhsach.chinhphu.vn","<a href=""https://news.google.com/rss/articles/CBMi7AFBVV95cUxQa3dGS0pIdi1CTzlqWTJKN1pOckFINlQ5OTZKbVhBSm9rQ25VWVFuVXBxUWN3VUFpanNZR3dJb1ZXOHVqcHlXeFVEUUpVUmZSZmItR2VHZDhBb3ZoUXZBNzVoSThWV2VFc1RQSUxhT1IyaWV6bklIdDlWN1o5UVA3VEpiVmNXUHJpbjZTYlRBNzM2clZjRnNhWFByRXh1V19JMjhCSGJGWEhkQXYzM3pOWnh0ZGNyMnBfQW9SeGhtTVlGdXdXNGFRWkJHTnFwamlKUjhSamoxOFdVWEY3Y2RiYjdvWDlOTXhEb2tiSw?oc=5"" target=""_blank"">Dự án Luật Trí tuệ nhân tạo: Đề nghị bổ sung một mục riêng về sử dụng AI trong đào tạo, nghiên cứu</a>&nbsp;&nbsp;<font color=""#6f6f6f"">xaydungchinhsach.chinhphu.vn</font>",https://news.google.com/rss/articles/CBMi7AFBVV95cUxQa3dGS0pIdi1CTzlqWTJKN1pOckFINlQ5OTZKbVhBSm9rQ25VWVFuVXBxUWN3VUFpanNZR3dJb1ZXOHVqcHlXeFVEUUpVUmZSZmItR2VHZDhBb3ZoUXZBNzVoSThWV2VFc1RQSUxhT1IyaWV6bklIdDlWN1o5UVA3VEpiVmNXUHJpbjZTYlRBNzM2clZjRnNhWFByRXh1V19JMjhCSGJGWEhkQXYzM3pOWnh0ZGNyMnBfQW9SeGhtTVlGdXdXNGFRWkJHTnFwamlKUjhSamoxOFdVWEY3Y2RiYjdvWDlOTXhEb2tiSw?oc=5,"Fri, 21 Nov 2025 08:00:00 GMT",
Quốc hội thông qua Luật Trí tuệ nhân tạo: Hoàn thiện hành lang pháp lý cho kỷ nguyên số - mst.gov.vn,"<a href=""https://news.google.com/rss/articles/CBMixwFBVV95cUxOMUlOaTBHTDVEcWJGOEhaSjAtazhfUlhlMk94ZTRDN2ZXUTZmNFJLSXJfOWlGT1pBVGJqaWxwV2VKWC10ZjNRMHozdlRFandIUEFDM0htX25CZk8xQTc4UHVlM2psa08ycEVSZXRqZ3d3bnJFYXo5a1MwMW1vZjdVS1pwZ2pucEhRT0NCSC10SUlpd0kwY3NSRGJ0d2ZiYnhOYmtXOXQzeFd0d0RCTmF1bUc3NjFFVWZ3LWZ4dWJ1TFBSY3ZmQVFB?oc=5"" target=""_blank"">Quốc hội thông qua Luật Trí tuệ nhân tạo: Hoàn thiện hành lang pháp lý cho kỷ nguyên số</a>&nbsp;&nbsp;<font color=""#6f6f6f"">mst.gov.vn</font>",https://news.google.com/rss/articles/CBMixwFBVV95cUxOMUlOaTBHTDVEcWJGOEhaSjAtazhfUlhlMk94ZTRDN2ZXUTZmNFJLSXJfOWlGT1pBVGJqaWxwV2VKWC10ZjNRMHozdlRFandIUEFDM0htX25CZk8xQTc4UHVlM2psa08ycEVSZXRqZ3d3bnJFYXo5a1MwMW1vZjdVS1pwZ2pucEhRT0NCSC10SUlpd0kwY3NSRGJ0d2ZiYnhOYmtXOXQzeFd0d0RCTmF1bUc3NjFFVWZ3LWZ4dWJ1TFBSY3ZmQVFB?oc=5,"Wed, 10 Dec 2025 08:00:00 GMT",
Điều chỉnh pháp luật về trí tuệ nhân tạo - Kinh nghiệm quốc tế và gợi mở cho Việt Nam từ sự xuất hiện của ChatGPT - Tạp chí Dân chủ và Pháp luật,"<a href=""https://news.google.com/rss/articles/CBMi4AFBVV95cUxNdkVBOVVnQ251TjlrSmhZUEtzdTBWTWFtZzFXcHVXSmlYbXZGcHpwaE42NTdwSkNoNDNTZkd0TTA1RmlmUllYbHBBbFV5Uy1lcXNmVldnTTVTSldlZjhQRzE1N2pXTkhGQUk4SUYxbjVwZS11ZlAyM2llc3B0dEZacTE2MTA3QXJ1Yl9KdnhJRjR0T1o5NE5fNFU1dXp3V1RGd3dHY3JjWW5EUzhwOE9UNThhRjE0N1Y3NjF6bFdSRl9iSDF6U1NncGFzYXMtS2NXaF84SDNPNmJfckZTU3JKYw?oc=5"" target=""_blank"">Điều chỉnh pháp luật về trí tuệ nhân tạo - Kinh nghiệm quốc tế và gợi mở cho Việt Nam từ sự xuất hiện của ChatGPT</a>&nbsp;&nbsp;<font color=""#6f6f6f"">Tạp chí Dân chủ và Pháp luật</font>",https://news.google.com/rss/articles/CBMi4AFBVV95cUxNdkVBOVVnQ251TjlrSmhZUEtzdTBWTWFtZzFXcHVXSmlYbXZGcHpwaE42NTdwSkNoNDNTZkd0TTA1RmlmUllYbHBBbFV5Uy1lcXNmVldnTTVTSldlZjhQRzE1N2pXTkhGQUk4SUYxbjVwZS11ZlAyM2llc3B0dEZacTE2MTA3QXJ1Yl9KdnhJRjR0T1o5NE5fNFU1dXp3V1RGd3dHY3JjWW5EUzhwOE9UNThhRjE0N1Y3NjF6bFdSRl9iSDF6U1NncGFzYXMtS2NXaF84SDNPNmJfckZTU3JKYw?oc=5,"Thu, 11 Dec 2025 08:00:00 GMT",
"Nhờ ChatGPT soạn lời thề nguyện trong đám cưới, cặp đôi bị toà án hủy hôn - Genk","<a href=""https://news.google.com/rss/articles/CBMisAFBVV95cUxPcFd0VnhKYjNCLXcxM29hcmVka2hjZTJ0YmxxQkR2SnJPaFBTREtUYXNDQ2MxQXpnVktpSlBVa1dwaTRybGt0YVF5ZmZMZVBmcDFOWXg4NndlN0xKdkdQMDVRbG02ZXVlMTNGM2h1Z3ZqUGdnd0ZNWGxBc1JKU3ZCNjZheVVFWFliMjlsQkxSRm9zME9Fdm1RVFd0WDNaTjdpMHNfUktwZGJVYlozVms3ZA?oc=5"" target=""_blank"">Nhờ ChatGPT soạn lời thề nguyện trong đám cưới, cặp đôi bị toà án hủy hôn</a>&nbsp;&nbsp;<font color=""#6f6f6f"">Genk</font>",https://news.google.com/rss/articles/CBMisAFBVV95cUxPcFd0VnhKYjNCLXcxM29hcmVka2hjZTJ0YmxxQkR2SnJPaFBTREtUYXNDQ2MxQXpnVktpSlBVa1dwaTRybGt0YVF5ZmZMZVBmcDFOWXg4NndlN0xKdkdQMDVRbG02ZXVlMTNGM2h1Z3ZqUGdnd0ZNWGxBc1JKU3ZCNjZheVVFWFliMjlsQkxSRm9zME9Fdm1RVFd0WDNaTjdpMHNfUktwZGJVYlozVms3ZA?oc=5,"Tue, 20 Jan 2026 01:27:00 GMT",
Luật Trí tuệ nhân tạo quy định rõ 6 hành vi bị cấm - VOV,"<a href=""https://news.google.com/rss/articles/CBMikgFBVV95cUxNZ1NiRDZfUW5GZ243ZTZfSllueDB6SC1fSjVqU3R3bktMbENzaEVrUVhMU3RtVlVKWjlqMGtMWGwxaWdaY0JrSTFmU3pzOU10T0MxQm1pRmN5TUJwTG05MGFmOGZVZy1pQ25KNVJXNmxIMDJRemlSNi1iN1h2VXIyTlk3SWcxRG1tZ1VMOGUxX19wUQ?oc=5"" target=""_blank"">Luật Trí tuệ nhân tạo quy định rõ 6 hành vi bị cấm</a>&nbsp;&nbsp;<font color=""#6f6f6f"">VOV</font>",https://news.google.com/rss/articles/CBMikgFBVV95cUxNZ1NiRDZfUW5GZ243ZTZfSllueDB6SC1fSjVqU3R3bktMbENzaEVrUVhMU3RtVlVKWjlqMGtMWGwxaWdaY0JrSTFmU3pzOU10T0MxQm1pRmN5TUJwTG05MGFmOGZVZy1pQ25KNVJXNmxIMDJRemlSNi1iN1h2VXIyTlk3SWcxRG1tZ1VMOGUxX19wUQ?oc=5,"Wed, 10 Dec 2025 08:00:00 GMT",
"Ứng dụng trí tuệ nhân tạo tạo sinh trong đào tạo luật - Cơ hội, thách thức và một số giải pháp - Tạp chí Dân chủ và Pháp luật","<a href=""https://news.google.com/rss/articles/CBMizAFBVV95cUxObFVMZ3A4TmtCWjZXVTZ4aE9UdjNROFo4SEJ1TS1WTGtCMmhEMHZvTFVoaU9TTE1ySXctaHF2MDlwcGE0di1EeHVYMkpvNUVQUUh3dWUtNmtTZlRIUXpPWlFJNklYWHYwX3Axbm5VTUxlSXdUb2tvZmREOGdwZHBTY0hHN0N2ek9QREphVlFPQ2J5Wnh6T0EtOG81MFZXenZ0bE5nV092NEZyRlNSQUlfRmZpMXRSX1NDSG1VektidGxzLUhxUzBIbnNqdVc?oc=5"" target=""_blank"">Ứng dụng trí tuệ nhân tạo tạo sinh trong đào tạo luật - Cơ hội, thách thức và một số giải pháp</a>&nbsp;&nbsp;<font color=""#6f6f6f"">Tạp chí Dân chủ và Pháp luật</font>",https://news.google.com/rss/articles/CBMizAFBVV95cUxObFVMZ3A4TmtCWjZXVTZ4aE9UdjNROFo4SEJ1TS1WTGtCMmhEMHZvTFVoaU9TTE1ySXctaHF2MDlwcGE0di1EeHVYMkpvNUVQUUh3dWUtNmtTZlRIUXpPWlFJNklYWHYwX3Axbm5VTUxlSXdUb2tvZmREOGdwZHBTY0hHN0N2ek9QREphVlFPQ2J5Wnh6T0EtOG81MFZXenZ0bE5nV092NEZyRlNSQUlfRmZpMXRSX1NDSG1VektidGxzLUhxUzBIbnNqdVc?oc=5,"Fri, 28 Nov 2025 08:00:00 GMT",
Đề xuất cấm phát triển trí tuệ nhân tạo gây tổn hại người dùng - VnExpress,"<a href=""https://news.google.com/rss/articles/CBMingFBVV95cUxORzVmRlFDZHZROVY1QzV5RzFYVnpKWG16blZmem43UW1nZVZkM25NbGRmOFFZaHpFV1Vrc0R6VXJhbGFiYUdkN2hMczdEaEZsSHZHdWtlS2FQcERZeHp4S2FrbExXOVNZNENHRUF5Y0xqTG9ia0l6STd6ZzlZRGxueGpTLXJYVlEyY1VJUGdnVXZ0cGR5VGJmM2pzYzlFdw?oc=5"" target=""_blank"">Đề xuất cấm phát triển trí tuệ nhân tạo gây tổn hại người dùng</a>&nbsp;&nbsp;<font color=""#6f6f6f"">VnExpress</font>",https://news.google.com/rss/articles/CBMingFBVV95cUxORzVmRlFDZHZROVY1QzV5RzFYVnpKWG16blZmem43UW1nZVZkM25NbGRmOFFZaHpFV1Vrc0R6VXJhbGFiYUdkN2hMczdEaEZsSHZHdWtlS2FQcERZeHp4S2FrbExXOVNZNENHRUF5Y0xqTG9ia0l6STd6ZzlZRGxueGpTLXJYVlEyY1VJUGdnVXZ0cGR5VGJmM2pzYzlFdw?oc=5,"Mon, 17 Nov 2025 08:00:00 GMT",
Nhiều nội dung cần điều chỉnh của Dự án Luật Trí tuệ nhân tạo - VnEconomy,"<a href=""https://news.google.com/rss/articles/CBMijwFBVV95cUxPVklMeEtLUEd4Wk5FMWVIMmEzZDI2S05Zamc1UmNobnBxOTJFOVVqb2NKUHFWU1hXWF81aEktbWNMdEFSY0Z3bWJ5Tk9Ld3JleWpfWm1na1h2NkljWlBhOV9fbS1qRTVmUTRmekt1a3BUbjN6Y2Q3NGFlXzFwc19aRl9TUDR1N3I1aGd3bUg5VQ?oc=5"" target=""_blank"">Nhiều nội dung cần điều chỉnh của Dự án Luật Trí tuệ nhân tạo</a>&nbsp;&nbsp;<font color=""#6f6f6f"">VnEconomy</font>",https://news.google.com/rss/articles/CBMijwFBVV95cUxPVklMeEtLUEd4Wk5FMWVIMmEzZDI2S05Zamc1UmNobnBxOTJFOVVqb2NKUHFWU1hXWF81aEktbWNMdEFSY0Z3bWJ5Tk9Ld3JleWpfWm1na1h2NkljWlBhOV9fbS1qRTVmUTRmekt1a3BUbjN6Y2Q3NGFlXzFwc19aRl9TUDR1N3I1aGd3bUg5VQ?oc=5,"Tue, 09 Dec 2025 08:00:00 GMT",
Quốc hội thông qua Luật Trí tuệ nhân tạo - Báo Đại biểu Nhân dân,"<a href=""https://news.google.com/rss/articles/CBMihwFBVV95cUxQbnl0QjlxaUI5d0pqR0pWUmEyMGJjRDlkenJtX1N3bWFqTDJ4QkFPOEJoMW5kSWJCbnJWVDZWcnlNRWY5S1JMX1d3V1dqRGRfVzVVcVJBQ0Y3cnRfWUpLVmpuRFh5cmxQV1ViZDVvV3lmYjVEeFFZeWVzWjhPZTctZV8wS25GcHc?oc=5"" target=""_blank"">Quốc hội thông qua Luật Trí tuệ nhân tạo</a>&nbsp;&nbsp;<font color=""#6f6f6f"">Báo Đại biểu Nhân dân</font>",https://news.google.com/rss/articles/CBMihwFBVV95cUxQbnl0QjlxaUI5d0pqR0pWUmEyMGJjRDlkenJtX1N3bWFqTDJ4QkFPOEJoMW5kSWJCbnJWVDZWcnlNRWY5S1JMX1d3V1dqRGRfVzVVcVJBQ0Y3cnRfWUpLVmpuRFh5cmxQV1ViZDVvV3lmYjVEeFFZeWVzWjhPZTctZV8wS25GcHc?oc=5,"Wed, 10 Dec 2025 08:00:00 GMT",
Ứng dụng Trí tuệ nhân tạo (AI) trong công tác Đảng và Mặt trận Tổ quốc: Bước đột phá trong chuyển đổi số tại xã Hồng Minh - CỔNG THÔNG TIN ĐIỆN TỬ XÃ HỒNG MINH,"<a href=""https://news.google.com/rss/articles/CBMi2wFBVV95cUxNTkFrUDNVZElJNV9jYVlXcE52RUNRcGtXN0xZQWVrR01tV3c0VEtPcWxUVXpuQVR4WlMtenFhTTc4YlNiWXdHeFp2eFhyOUFPSk1KbjVtS2NuOUtCeUgxcU92RWp6clFRR0VzZVR5TGY1YVBxMTZHZXhkY0RUZDl2Y2UxTF9zOWlpcjNCZzNURzRiMjVhUXBaSUg2OXVxbVZpYlFGZzB3VFQ4R3RNdk1LOFRIWTM2RU9pZVBMT1AxalZuQm1EWHBzZUttaGNJZTZLMmxaM0VUY1o3S2c?oc=5"" target=""_blank"">Ứng dụng Trí tuệ nhân tạo (AI) trong công tác Đảng và Mặt trận Tổ quốc: Bước đột phá trong chuyển đổi số tại xã Hồng Minh</a>&nbsp;&nbsp;<font color=""#6f6f6f"">CỔNG THÔNG TIN ĐIỆN TỬ XÃ HỒNG MINH</font>",https://news.google.com/rss/articles/CBMi2wFBVV95cUxNTkFrUDNVZElJNV9jYVlXcE52RUNRcGtXN0xZQWVrR01tV3c0VEtPcWxUVXpuQVR4WlMtenFhTTc4YlNiWXdHeFp2eFhyOUFPSk1KbjVtS2NuOUtCeUgxcU92RWp6clFRR0VzZVR5TGY1YVBxMTZHZXhkY0RUZDl2Y2UxTF9zOWlpcjNCZzNURzRiMjVhUXBaSUg2OXVxbVZpYlFGZzB3VFQ4R3RNdk1LOFRIWTM2RU9pZVBMT1AxalZuQm1EWHBzZUttaGNJZTZLMmxaM0VUY1o3S2c?oc=5,"Thu, 08 Jan 2026 09:43:01 GMT",
CEO Google DeepMind chỉ ra lỗ hổng lớn của các mô hình AI hiện đại - Laodong.vn,"<a href=""https://news.google.com/rss/articles/CBMiqwFBVV95cUxNbDg5QVJfeGhyanBmaXBwRmlWZmxHTm5Dc3ZyNWpZZ1lzMTE4UWlEQ01QdTBRX2wwcEhVeEtibVBPWjNWRFBneDEtRG5aWWEwa0owMC03WDROSDIzdWJxZlNTN0FpTmhFT1pJOHEyWURTN01CSGpXRDFVMHhyZ05ESF9WRU1lN0drb2xoWG93VVVoRURIRjlQUENWd1p2TVBoY2ljbE9fR0NJU1k?oc=5"" target=""_blank"">CEO Google DeepMind chỉ ra lỗ hổng lớn của các mô hình AI hiện đại</a>&nbsp;&nbsp;<font color=""#6f6f6f"">Laodong.vn</font>",https://news.google.com/rss/articles/CBMiqwFBVV95cUxNbDg5QVJfeGhyanBmaXBwRmlWZmxHTm5Dc3ZyNWpZZ1lzMTE4UWlEQ01QdTBRX2wwcEhVeEtibVBPWjNWRFBneDEtRG5aWWEwa0owMC03WDROSDIzdWJxZlNTN0FpTmhFT1pJOHEyWURTN01CSGpXRDFVMHhyZ05ESF9WRU1lN0drb2xoWG93VVVoRURIRjlQUENWd1p2TVBoY2ljbE9fR0NJU1k?oc=5,"Tue, 20 Jan 2026 02:03:51 GMT",
Trí tuệ nhân tạo đang tái định hình du lịch toàn cầu - Bộ Văn hóa Thể thao và Du lịch,"<a href=""https://news.google.com/rss/articles/CBMingFBVV95cUxQZDROd3c3VURZMEM2cnlUUUdUVUdTWDRDOWh3TnBDdnZzNnBYZ0Rha1dRazF0cWVtbnVaVXdJZEM0VmZxbDMyaHNPaHEyeVVCQml3eTAxX2pUd3g3SWRnWksybHRXU3dFakFCQUdTOFlaTUE1dHowa2VfbzA2ZldnQ1ZRbWhUdmhFWTI2N3pSQVlWNGpZYTZVMnU4alRmdw?oc=5"" target=""_blank"">Trí tuệ nhân tạo đang tái định hình du lịch toàn cầu</a>&nbsp;&nbsp;<font color=""#6f6f6f"">Bộ Văn hóa Thể thao và Du lịch</font>",https://news.google.com/rss/articles/CBMingFBVV95cUxQZDROd3c3VURZMEM2cnlUUUdUVUdTWDRDOWh3TnBDdnZzNnBYZ0Rha1dRazF0cWVtbnVaVXdJZEM0VmZxbDMyaHNPaHEyeVVCQml3eTAxX2pUd3g3SWRnWksybHRXU3dFakFCQUdTOFlaTUE1dHowa2VfbzA2ZldnQ1ZRbWhUdmhFWTI2N3pSQVlWNGpZYTZVMnU4alRmdw?oc=5,"Tue, 11 Nov 2025 08:00:00 GMT",
Đẩy mạnh ứng dụng trí tuệ nhân tạo trong giáo dục - Báo Nhân Dân điện tử,"<a href=""https://news.google.com/rss/articles/CBMijAFBVV95cUxPSWs3OWNLSV9ibkY0YkpDUnljTmhvbWtHbVVscE5ILVdmOGt5Y2E4ZW1lLUp1SnNfbEtMd01fNFRiTmVDMGEzdmkwXzU0N0VkNFQ2aTVvU1ZXS2pBSHdWbDBCUzdSTFRNd1duOHhQYTVxYmd2YUdRUzN3QV9CbkN6dmw5aDFWYUZjVEFrMQ?oc=5"" target=""_blank"">Đẩy mạnh ứng dụng trí tuệ nhân tạo trong giáo dục</a>&nbsp;&nbsp;<font color=""#6f6f6f"">Báo Nhân Dân điện tử</font>",https://news.google.com/rss/articles/CBMijAFBVV95cUxPSWs3OWNLSV9ibkY0YkpDUnljTmhvbWtHbVVscE5ILVdmOGt5Y2E4ZW1lLUp1SnNfbEtMd01fNFRiTmVDMGEzdmkwXzU0N0VkNFQ2aTVvU1ZXS2pBSHdWbDBCUzdSTFRNd1duOHhQYTVxYmd2YUdRUzN3QV9CbkN6dmw5aDFWYUZjVEFrMQ?oc=5,"Mon, 10 Nov 2025 08:00:00 GMT",
"Bồi thường thiệt hại do hệ thống trí tuệ nhân tạo gây ra trong Luật Trí tuệ nhân tạo và một số giải pháp, kiến nghị - tapchitoaan.vn","<a href=""https://news.google.com/rss/articles/CBMi-AFBVV95cUxOV0Y4S3hMeG50TVRFWjVMMnFQWnhGQUh6NU52eGp4Z05fMzhBNXJlNWNvQ25LZHRrcGZoQ28xaWFoNFltUHNCMkxpQjVkLWRtbUN6X2xDcDVBeXA2NVdSN0xxaVlNWWljWXZubVIzMjRjc3k2RjhqcnM5bUVXaGY0OHJldUNWNDJzYXpXUHZqeFk5amYtdGwzWi10cDhuTGFCTzIxVXpxWWd3WXp3bnZXYy1CWUk5TzExOUliZkVJNXlVaUJ6R2Y5SU00azBEMFIzSjNMQk5zT1JfRUYxWE1idFZoY3NqU0lxLWlvRXlHVUNVdXA3QUp1bw?oc=5"" target=""_blank"">Bồi thường thiệt hại do hệ thống trí tuệ nhân tạo gây ra trong Luật Trí tuệ nhân tạo và một số giải pháp, kiến nghị</a>&nbsp;&nbsp;<font color=""#6f6f6f"">tapchitoaan.vn</font>",https://news.google.com/rss/articles/CBMi-AFBVV95cUxOV0Y4S3hMeG50TVRFWjVMMnFQWnhGQUh6NU52eGp4Z05fMzhBNXJlNWNvQ25LZHRrcGZoQ28xaWFoNFltUHNCMkxpQjVkLWRtbUN6X2xDcDVBeXA2NVdSN0xxaVlNWWljWXZubVIzMjRjc3k2RjhqcnM5bUVXaGY0OHJldUNWNDJzYXpXUHZqeFk5amYtdGwzWi10cDhuTGFCTzIxVXpxWWd3WXp3bnZXYy1CWUk5TzExOUliZkVJNXlVaUJ6R2Y5SU00azBEMFIzSjNMQk5zT1JfRUYxWE1idFZoY3NqU0lxLWlvRXlHVUNVdXA3QUp1bw?oc=5,"Sat, 13 Dec 2025 08:00:00 GMT",
"Trí tuệ nhân tạo trong học tập là công cụ hỗ trợ, không thay thế tư duy - Laodong.vn","<a href=""https://news.google.com/rss/articles/CBMirwFBVV95cUxOWlJlTzRES0p4MlVlQkZzdTNfbDNkOHZhcFFYQmFVcG5Rb2ZQN2JGN29oSnU3bm5hZnhnUGN4QjhfTUpCTTN1VV91cGEyWE8xVzFvSUVfRmZfVGNZQlZmcnVNX19RVUl3SU14X3F0MnAzY2VFUVVlaEFwT0ZtQU9HQy1VdkhwX0JHa2F2ZV9wWGdtVjhRT2VhRzhibTA5Y3B0LXJqU2lsTHV2aXZpVGow?oc=5"" target=""_blank"">Trí tuệ nhân tạo trong học tập là công cụ hỗ trợ, không thay thế tư duy</a>&nbsp;&nbsp;<font color=""#6f6f6f"">Laodong.vn</font>",https://news.google.com/rss/articles/CBMirwFBVV95cUxOWlJlTzRES0p4MlVlQkZzdTNfbDNkOHZhcFFYQmFVcG5Rb2ZQN2JGN29oSnU3bm5hZnhnUGN4QjhfTUpCTTN1VV91cGEyWE8xVzFvSUVfRmZfVGNZQlZmcnVNX19RVUl3SU14X3F0MnAzY2VFUVVlaEFwT0ZtQU9HQy1VdkhwX0JHa2F2ZV9wWGdtVjhRT2VhRzhibTA5Y3B0LXJqU2lsTHV2aXZpVGow?oc=5,"Tue, 16 Dec 2025 08:00:00 GMT",
Hoàn thiện hành lang pháp lý cho Luật Trí tuệ nhân tạo (AI): Yêu cầu cấp thiết trong kỷ nguyên số - Báo Lao động thủ đô,"<a href=""https://news.google.com/rss/articles/CBMiygFBVV95cUxQZWdGZzdXdEZtQkxJRlFrOGhtSmVOa3hhTlRJVDVlLTVURU5jYXhYWUM4c1ZFYVU1cE5yTEVZQnI2ZU5iSktCY1IwenVNaVpZZEZqSk4tOTBhVTJseDMyOURsV0lZVzFFT2habkxDSU1CMzctOElSNzd0cW5DRU81bmt3bVdrMDFlWHNyVkVINmd5RzA1N0xTWm1rTTg2a1lId2NMWTZkN0wxb0FYSGhoaEJUZzBnS2tuOWk5azk3T3cxZ0F2YjN4THh3?oc=5"" target=""_blank"">Hoàn thiện hành lang pháp lý cho Luật Trí tuệ nhân tạo (AI): Yêu cầu cấp thiết trong kỷ nguyên số</a>&nbsp;&nbsp;<font color=""#6f6f6f"">Báo Lao động thủ đô</font>",https://news.google.com/rss/articles/CBMiygFBVV95cUxQZWdGZzdXdEZtQkxJRlFrOGhtSmVOa3hhTlRJVDVlLTVURU5jYXhYWUM4c1ZFYVU1cE5yTEVZQnI2ZU5iSktCY1IwenVNaVpZZEZqSk4tOTBhVTJseDMyOURsV0lZVzFFT2habkxDSU1CMzctOElSNzd0cW5DRU81bmt3bVdrMDFlWHNyVkVINmd5RzA1N0xTWm1rTTg2a1lId2NMWTZkN0wxb0FYSGhoaEJUZzBnS2tuOWk5azk3T3cxZ0F2YjN4THh3?oc=5,"Thu, 30 Oct 2025 07:00:00 GMT",
Cần sớm có một chiến lược bài bản đưa trí tuệ nhân tạo vào trường học - Báo Nhân Dân điện tử,"<a href=""https://news.google.com/rss/articles/CBMipwFBVV95cUxPZHlwSlZ2eUpFaHJKM1NweVUzS2xRUmNfdWY0eVpXLW9DbkxLM1A3aXlLOEJPUE9qQmNqbU1VWjlmakdlVGVkcWRLTFZxeWEzLUc3WkRsQ3RES01rWkt1cVdKSGhQdUQ1WlNWSWc1R0dNX0Q5XzZ5XzdhRTFlWmpvMm4wdXRMRGFLUF91NURvUGEyNEtLb1hjQ3NfLUd5YlRMSnVaR3dMQQ?oc=5"" target=""_blank"">Cần sớm có một chiến lược bài bản đưa trí tuệ nhân tạo vào trường học</a>&nbsp;&nbsp;<font color=""#6f6f6f"">Báo Nhân Dân điện tử</font>",https://news.google.com/rss/articles/CBMipwFBVV95cUxPZHlwSlZ2eUpFaHJKM1NweVUzS2xRUmNfdWY0eVpXLW9DbkxLM1A3aXlLOEJPUE9qQmNqbU1VWjlmakdlVGVkcWRLTFZxeWEzLUc3WkRsQ3RES01rWkt1cVdKSGhQdUQ1WlNWSWc1R0dNX0Q5XzZ5XzdhRTFlWmpvMm4wdXRMRGFLUF91NURvUGEyNEtLb1hjQ3NfLUd5YlRMSnVaR3dMQQ?oc=5,"Tue, 28 Oct 2025 07:00:00 GMT",
"Hướng dẫn khai thác, sử dụng Trí tuệ nhân tạo (AI) cho cán bộ, đảng viên trong các cơ quan đảng - Đảng Cộng sản Việt Nam","<a href=""https://news.google.com/rss/articles/CBMizgFBVV95cUxPSWpDR3hlRWhwSTdFUlp0S0p2TnV1WGpOLVlwc3JpSjdRbU5Nai1aREtNNVk2eUljZUhYa2RoampFS1lFR2VRZVA5LXdBanYzTE5UUXUzQ1ZhUVVlSkhOMTg0VXhsTU9nSW00anp1UUsyTW82bGhweUhEVmJoU3FiVGh2dGg4ZUNOR1BJbnRtMVduazlnVDJhcjN2VEh0U2ZqY3JLV20taURtSE9ucGw4UzhSZ1pONnRGbDNncDluSkFZdXgwMUNXU2pGRUFQdw?oc=5"" target=""_blank"">Hướng dẫn khai thác, sử dụng Trí tuệ nhân tạo (AI) cho cán bộ, đảng viên trong các cơ quan đảng</a>&nbsp;&nbsp;<font color=""#6f6f6f"">Đảng Cộng sản Việt Nam</font>",https://news.google.com/rss/articles/CBMizgFBVV95cUxPSWpDR3hlRWhwSTdFUlp0S0p2TnV1WGpOLVlwc3JpSjdRbU5Nai1aREtNNVk2eUljZUhYa2RoampFS1lFR2VRZVA5LXdBanYzTE5UUXUzQ1ZhUVVlSkhOMTg0VXhsTU9nSW00anp1UUsyTW82bGhweUhEVmJoU3FiVGh2dGg4ZUNOR1BJbnRtMVduazlnVDJhcjN2VEh0U2ZqY3JLV20taURtSE9ucGw4UzhSZ1pONnRGbDNncDluSkFZdXgwMUNXU2pGRUFQdw?oc=5,"Wed, 26 Nov 2025 08:00:00 GMT",
"Tải Luật Trí tuệ nhân tạo 2025, số 134/2025/QH15 - LuatVietnam","<a href=""https://news.google.com/rss/articles/CBMirAFBVV95cUxPdW9TajNYaHN0ZXh4Z3Z6NEpPbTRKTkVNSlFsWkpNTW1XT1pubHNESUg3TTM1c2hmdm5HUmRHcWZpYkVXTF80SWhPaDlFZjZHNUI4VlZqb1RSeHJ2ZEgwazdhSUNlenVsSC1SYWI2Y1d2Zi1wbHFieUIyTC1GbjBBaVFWOUdyR09HcVdpU19MMXk1ZEY0d2s1TkpkNUJ4MXU1a3F2NnZ5ZW9QQzhQ?oc=5"" target=""_blank"">Tải Luật Trí tuệ nhân tạo 2025, số 134/2025/QH15</a>&nbsp;&nbsp;<font color=""#6f6f6f"">LuatVietnam</font>",https://news.google.com/rss/articles/CBMirAFBVV95cUxPdW9TajNYaHN0ZXh4Z3Z6NEpPbTRKTkVNSlFsWkpNTW1XT1pubHNESUg3TTM1c2hmdm5HUmRHcWZpYkVXTF80SWhPaDlFZjZHNUI4VlZqb1RSeHJ2ZEgwazdhSUNlenVsSC1SYWI2Y1d2Zi1wbHFieUIyTC1GbjBBaVFWOUdyR09HcVdpU19MMXk1ZEY0d2s1TkpkNUJ4MXU1a3F2NnZ5ZW9QQzhQ?oc=5,"Thu, 25 Dec 2025 08:00:00 GMT",
Ứng dụng trí tuệ nhân tạo để nâng cao chất lượng đào tạo - Báo Nhân Dân điện tử,"<a href=""https://news.google.com/rss/articles/CBMilgFBVV95cUxPWF90Vk9EVk5DdEptd0RRYWlpZ2VNQmhxcUIyMzFFdWdFazhCb0E5VUt3bURQZVZ4UktaeldLOVNGSDlncGQ2bHp5NWNWbXlJYVNXT2U0cjZmdlkyZVg3TXFMNzV3YUFXRVFsNTVVMGIxdmRxaUhYZ3AxTHJUdEtBWGtRb1dJRzJDbTFnb3d6NFBVdGhQZ3c?oc=5"" target=""_blank"">Ứng dụng trí tuệ nhân tạo để nâng cao chất lượng đào tạo</a>&nbsp;&nbsp;<font color=""#6f6f6f"">Báo Nhân Dân điện tử</font>",https://news.google.com/rss/articles/CBMilgFBVV95cUxPWF90Vk9EVk5DdEptd0RRYWlpZ2VNQmhxcUIyMzFFdWdFazhCb0E5VUt3bURQZVZ4UktaeldLOVNGSDlncGQ2bHp5NWNWbXlJYVNXT2U0cjZmdlkyZVg3TXFMNzV3YUFXRVFsNTVVMGIxdmRxaUhYZ3AxTHJUdEtBWGtRb1dJRzJDbTFnb3d6NFBVdGhQZ3c?oc=5,"Mon, 08 Dec 2025 08:00:00 GMT",
Đặt con người ở vị trí trung tâm trong quản trị Trí tuệ Nhân tạo - Vietnam+ (VietnamPlus),"<a href=""https://news.google.com/rss/articles/CBMiqwFBVV95cUxQeXlxXzlnRjRLeXBobEVnYkloemVKbVRoMnJ2OUtiMHNVdG1OT01CMzFDMGhWOEhzZVI3WGRVcHJfdzEwTGZkR1A3eTR4VHVxMVZ3YVdoWkxFUVMtVWc0X3loTmxnMzIyR1FLem9lWGlYNVJJYUlPUjN2anVObHZmc212bVIzcjR0eEVHQmx3bWdER3EzUmNXZEVsSEhqQzBsLUUybVEwTkFoQzg?oc=5"" target=""_blank"">Đặt con người ở vị trí trung tâm trong quản trị Trí tuệ Nhân tạo</a>&nbsp;&nbsp;<font color=""#6f6f6f"">Vietnam+ (VietnamPlus)</font>",https://news.google.com/rss/articles/CBMiqwFBVV95cUxQeXlxXzlnRjRLeXBobEVnYkloemVKbVRoMnJ2OUtiMHNVdG1OT01CMzFDMGhWOEhzZVI3WGRVcHJfdzEwTGZkR1A3eTR4VHVxMVZ3YVdoWkxFUVMtVWc0X3loTmxnMzIyR1FLem9lWGlYNVJJYUlPUjN2anVObHZmc212bVIzcjR0eEVHQmx3bWdER3EzUmNXZEVsSEhqQzBsLUUybVEwTkFoQzg?oc=5,"Wed, 07 Jan 2026 08:00:00 GMT",
"Luật Trí tuệ nhân tạo: Chỉ điều chỉnh đầu ra và hành vi sử dụng trí tuệ nhân tạo, không cản trở đổi mới sáng tạo - mst.gov.vn","<a href=""https://news.google.com/rss/articles/CBMi5wFBVV95cUxPcmlpalFSZmxaOTh2SnVMemlWSjIyWGlndXZIQ2xDOEpia1Y5dXhIdzM4QXZsWnZxYzB0RTE3ejlGZGYzVE4xazJydE1oVmlrSVlTTktRWmpiblNGRHhXN19aTzJPcS1ON2trWExFVmJnNzMtbXFYY05DTTdCb2k2OFhtaWh3cUxNQXhHRkdldzl5VmIydl9obzBVM1AzUURtZWpfdXA3Z1lsNzFGVDYxMGUxWmZoQlFEVFU5TEJxLWZ3RFdWYlB6VVRteWxmdDY5ZFJaME5KOTFoZmViLXlSRlBtdHlWblU?oc=5"" target=""_blank"">Luật Trí tuệ nhân tạo: Chỉ điều chỉnh đầu ra và hành vi sử dụng trí tuệ nhân tạo, không cản trở đổi mới sáng tạo</a>&nbsp;&nbsp;<font color=""#6f6f6f"">mst.gov.vn</font>",https://news.google.com/rss/articles/CBMi5wFBVV95cUxPcmlpalFSZmxaOTh2SnVMemlWSjIyWGlndXZIQ2xDOEpia1Y5dXhIdzM4QXZsWnZxYzB0RTE3ejlGZGYzVE4xazJydE1oVmlrSVlTTktRWmpiblNGRHhXN19aTzJPcS1ON2trWExFVmJnNzMtbXFYY05DTTdCb2k2OFhtaWh3cUxNQXhHRkdldzl5VmIydl9obzBVM1AzUURtZWpfdXA3Z1lsNzFGVDYxMGUxWmZoQlFEVFU5TEJxLWZ3RFdWYlB6VVRteWxmdDY5ZFJaME5KOTFoZmViLXlSRlBtdHlWblU?oc=5,"Wed, 10 Dec 2025 08:00:00 GMT",
Cái giá của trí tuệ nhân tạo (AI) miễn phí - Báo Quân đội nhân dân,"<a href=""https://news.google.com/rss/articles/CBMidkFVX3lxTFBjWGk1b2dERWI4ckw2dU01aFozMmE0YllyM0piRWhDYzVQcVpQY0hQQ0ljWF8zWUw0MzRkaEFiZGFGSFhkNmJpdkRvRE80VVlkanQ5cEY2cDVXb2c4ejBfMWREd0VtWUwtenNUX2pjSktzN3lxN1E?oc=5"" target=""_blank"">Cái giá của trí tuệ nhân tạo (AI) miễn phí</a>&nbsp;&nbsp;<font color=""#6f6f6f"">Báo Quân đội nhân dân</font>",https://news.google.com/rss/articles/CBMidkFVX3lxTFBjWGk1b2dERWI4ckw2dU01aFozMmE0YllyM0piRWhDYzVQcVpQY0hQQ0ljWF8zWUw0MzRkaEFiZGFGSFhkNmJpdkRvRE80VVlkanQ5cEY2cDVXb2c4ejBfMWREd0VtWUwtenNUX2pjSktzN3lxN1E?oc=5,"Sun, 21 Sep 2025 07:00:00 GMT",
Ứng dụng trí tuệ nhân tạo để tối ưu quy trình trong sản xuất - Báo Nhân Dân điện tử,"<a href=""https://news.google.com/rss/articles/CBMimwFBVV95cUxOeHdiSzg5bVdSdEt2SWgxd3YxSHBWSFR5RzdqdUpGTF9IdUZHYkNrR1F0Skc0OHdjUEhOdWhCNTJKWGVYWllWcEhjV181akc1c1J6bmVFWXFCZkhTMXVXLUNibDdlWFRKYVRoTTkyR014UWdKMEo3ZEJnTXdHNXJhV2J2SHpiMm9ZVy1aNmtZNmlLRm5iRW94Vi1HNA?oc=5"" target=""_blank"">Ứng dụng trí tuệ nhân tạo để tối ưu quy trình trong sản xuất</a>&nbsp;&nbsp;<font color=""#6f6f6f"">Báo Nhân Dân điện tử</font>",https://news.google.com/rss/articles/CBMimwFBVV95cUxOeHdiSzg5bVdSdEt2SWgxd3YxSHBWSFR5RzdqdUpGTF9IdUZHYkNrR1F0Skc0OHdjUEhOdWhCNTJKWGVYWllWcEhjV181akc1c1J6bmVFWXFCZkhTMXVXLUNibDdlWFRKYVRoTTkyR014UWdKMEo3ZEJnTXdHNXJhV2J2SHpiMm9ZVy1aNmtZNmlLRm5iRW94Vi1HNA?oc=5,"Tue, 16 Dec 2025 08:00:00 GMT",
"Vi phạm về trí tuệ nhân tạo có thể bị truy cứu trách nhiệm hình sự, phạt tiền 2 tỷ đồng - Báo điện tử Tiền Phong","<a href=""https://news.google.com/rss/articles/CBMiwAFBVV95cUxPTVhyY2JjOHZCbGdNRnZCRHZnQTh2MnFwUDMxSkd4NndTMnhRNXdGa1puUmd0TXdrR1hBQU5qNmlyWmZaUXMwVEdsd1ZGRVRHNFVKOUkwR2VabnU3T2hrSERqRTZFYlRaYUY2aEF0OGMybEU0V2Rzem5MWl9IMWZfbHkyOHp3ZFAzdTk4Vmd0UjhSTzF3aW42VXZER1I0LXBxUXFMYUZiWTFqenE5RmxBa3hBQ0c3akRlNVhIc05LZUzSAcABQVVfeXFMUDhSWlJRSEZ5RzdsZzRXZmVVbTFTa2pKVG5NTlNxSFVKdlRCTHVVUnVtVkVnRk16MVIzbWJmWktzeE1MSjZ3RmppU3I5MGJacURoTkZRdlBnMzN2S0JJOFBEeGpvVUlGTzZuNjlULWRaX3IwaTlTVjJHQ0VMUFQ1VXFFeTl1MTZFTWdmVER4MHB4TU1yMEJ5RGtqcmVPRE9HRS1QRWIyaEo3bnowOVhENWFsY1RNRjUyb3BxWURUMXJG?oc=5"" target=""_blank"">Vi phạm về trí tuệ nhân tạo có thể bị truy cứu trách nhiệm hình sự, phạt tiền 2 tỷ đồng</a>&nbsp;&nbsp;<font color=""#6f6f6f"">Báo điện tử Tiền Phong</font>",https://news.google.com/rss/articles/CBMiwAFBVV95cUxPTVhyY2JjOHZCbGdNRnZCRHZnQTh2MnFwUDMxSkd4NndTMnhRNXdGa1puUmd0TXdrR1hBQU5qNmlyWmZaUXMwVEdsd1ZGRVRHNFVKOUkwR2VabnU3T2hrSERqRTZFYlRaYUY2aEF0OGMybEU0V2Rzem5MWl9IMWZfbHkyOHp3ZFAzdTk4Vmd0UjhSTzF3aW42VXZER1I0LXBxUXFMYUZiWTFqenE5RmxBa3hBQ0c3akRlNVhIc05LZUzSAcABQVVfeXFMUDhSWlJRSEZ5RzdsZzRXZmVVbTFTa2pKVG5NTlNxSFVKdlRCTHVVUnVtVkVnRk16MVIzbWJmWktzeE1MSjZ3RmppU3I5MGJacURoTkZRdlBnMzN2S0JJOFBEeGpvVUlGTzZuNjlULWRaX3IwaTlTVjJHQ0VMUFQ1VXFFeTl1MTZFTWdmVER4MHB4TU1yMEJ5RGtqcmVPRE9HRS1QRWIyaEo3bnowOVhENWFsY1RNRjUyb3BxWURUMXJG?oc=5,"Thu, 20 Nov 2025 08:00:00 GMT",
Hà Nội ứng dụng trí tuệ nhân tạo để điều hành giao thông: Góp phần hình thành nếp sống văn minh - hanoimoi.vn,"<a href=""https://news.google.com/rss/articles/CBMixAFBVV95cUxNVk9mZ0xWM3N5c1dyS21vVXlVUzNveDFmQ0RkR19NbFFSNnBaNFMtT0VhNG5nS1gydU5iTFp5cjNNc3pIenFwa01IcldLOTJyWjUxblRMSko2YjhBQkw0YUQ1dXFhSXdlLWFnR3dmbW5QNGhMNnlObzNzSURQVmxUbWdyLWVZdzF6eVhxOXhCYVZzMkg0YVI1WUJLaHdaQk1OcE8wcFJTX3JtcFBsYTJuby1zRHVCNmE5SXFRQ2hJaGlCZUlk?oc=5"" target=""_blank"">Hà Nội ứng dụng trí tuệ nhân tạo để điều hành giao thông: Góp phần hình thành nếp sống văn minh</a>&nbsp;&nbsp;<font color=""#6f6f6f"">hanoimoi.vn</font>",https://news.google.com/rss/articles/CBMixAFBVV95cUxNVk9mZ0xWM3N5c1dyS21vVXlVUzNveDFmQ0RkR19NbFFSNnBaNFMtT0VhNG5nS1gydU5iTFp5cjNNc3pIenFwa01IcldLOTJyWjUxblRMSko2YjhBQkw0YUQ1dXFhSXdlLWFnR3dmbW5QNGhMNnlObzNzSURQVmxUbWdyLWVZdzF6eVhxOXhCYVZzMkg0YVI1WUJLaHdaQk1OcE8wcFJTX3JtcFBsYTJuby1zRHVCNmE5SXFRQ2hJaGlCZUlk?oc=5,"Sat, 27 Dec 2025 08:00:00 GMT",
Cảnh báo nguy cơ lạm dụng trí tuệ nhân tạo: Khi công nghệ bị lợi dụng cho mục đích tiêu cực - Cổng thông tin điện tử Nghệ An,"<a href=""https://news.google.com/rss/articles/CBMigwJBVV95cUxObktLUDdFVzBOSXpLM2x4a3VZZ0l5cXF6R1JYeDd5cWdsTGNtN0xrSi1qZnhZVm0yQjFEY2FMdmhVbWppTXZNenhtdHV3bUFuRHppMGphMGhsNEo0MUlUcnNkQ0V0MHVEVi04ZnltdE96QUVKaVpaV0MtZ1d6bFloRGc0NlU5N01HUGdNMGQyZmVBRkktclEtdUdnWUNlaC1FdXJsNmpOU3FXZ0l4bGJ5b1JmTU9ZU2pmdHpyQkRoMWo4c2gwM0VEVHlwS0pkdFItLTNpRDI2dHRDWEMxTlBFc1JQTkI0ZFFUd0hXWVJ6c2FwY0RoNWM2M2Z2WG1EUkl2Tmx3?oc=5"" target=""_blank"">Cảnh báo nguy cơ lạm dụng trí tuệ nhân tạo: Khi công nghệ bị lợi dụng cho mục đích tiêu cực</a>&nbsp;&nbsp;<font color=""#6f6f6f"">Cổng thông tin điện tử Nghệ An</font>",https://news.google.com/rss/articles/CBMigwJBVV95cUxObktLUDdFVzBOSXpLM2x4a3VZZ0l5cXF6R1JYeDd5cWdsTGNtN0xrSi1qZnhZVm0yQjFEY2FMdmhVbWppTXZNenhtdHV3bUFuRHppMGphMGhsNEo0MUlUcnNkQ0V0MHVEVi04ZnltdE96QUVKaVpaV0MtZ1d6bFloRGc0NlU5N01HUGdNMGQyZmVBRkktclEtdUdnWUNlaC1FdXJsNmpOU3FXZ0l4bGJ5b1JmTU9ZU2pmdHpyQkRoMWo4c2gwM0VEVHlwS0pkdFItLTNpRDI2dHRDWEMxTlBFc1JQTkI0ZFFUd0hXWVJ6c2FwY0RoNWM2M2Z2WG1EUkl2Tmx3?oc=5,"Thu, 23 Oct 2025 07:00:00 GMT",
